1,"org.apache.commons.cli.CommandLine;org.apache.commons.cli.CommandLineParser;org.apache.commons.cli.MissingArgumentException;org.apache.commons.cli.MissingOptionException;org.apache.commons.cli.Option;org.apache.commons.cli.OptionBuilder;org.apache.commons.cli.Options;org.apache.commons.cli.OptionValidator;org.apache.commons.cli.ParseException;org.apache.commons.cli.Parser;org.apache.commons.cli.PosixParser;org.apache.commons.cli.UnrecognizedOptionException;org.apache.commons.cli.Util","org.apache.commons.cli.bug.BugCLI13Test","org.apache.commons.cli.bug.BugCLI13Test::testCLI13"
2,"org.apache.commons.cli.CommandLine;org.apache.commons.cli.CommandLineParser;org.apache.commons.cli.MissingArgumentException;org.apache.commons.cli.MissingOptionException;org.apache.commons.cli.Option;org.apache.commons.cli.OptionBuilder;org.apache.commons.cli.Options;org.apache.commons.cli.OptionValidator;org.apache.commons.cli.ParseException;org.apache.commons.cli.Parser;org.apache.commons.cli.PosixParser;org.apache.commons.cli.UnrecognizedOptionException;org.apache.commons.cli.Util","org.apache.commons.cli.bug.BugCLI51Test","org.apache.commons.cli.bug.BugCLI51Test::test"
3,"org.apache.commons.cli.CommandLine;org.apache.commons.cli.CommandLineParser;org.apache.commons.cli.MissingArgumentException;org.apache.commons.cli.MissingOptionException;org.apache.commons.cli.Option;org.apache.commons.cli.OptionBuilder;org.apache.commons.cli.Options;org.apache.commons.cli.OptionValidator;org.apache.commons.cli.ParseException;org.apache.commons.cli.Parser;org.apache.commons.cli.PatternOptionBuilder;org.apache.commons.cli.PosixParser;org.apache.commons.cli.TypeHandler;org.apache.commons.cli.UnrecognizedOptionException;org.apache.commons.cli.Util","org.apache.commons.cli.PatternOptionBuilderTest","org.apache.commons.cli.PatternOptionBuilderTest::testSimplePattern"
4,"org.apache.commons.cli.CommandLine;org.apache.commons.cli.CommandLineParser;org.apache.commons.cli.MissingArgumentException;org.apache.commons.cli.MissingOptionException;org.apache.commons.cli.Option;org.apache.commons.cli.OptionBuilder;org.apache.commons.cli.Options;org.apache.commons.cli.OptionValidator;org.apache.commons.cli.ParseException;org.apache.commons.cli.Parser;org.apache.commons.cli.PosixParser;org.apache.commons.cli.UnrecognizedOptionException","org.apache.commons.cli.OptionsTest","org.apache.commons.cli.OptionsTest::testMissingOptionsException;org.apache.commons.cli.OptionsTest::testMissingOptionException"
5,"org.apache.commons.cli.CommandLine;org.apache.commons.cli.CommandLineParser;org.apache.commons.cli.MissingArgumentException;org.apache.commons.cli.MissingOptionException;org.apache.commons.cli.Option;org.apache.commons.cli.Options;org.apache.commons.cli.OptionValidator;org.apache.commons.cli.ParseException;org.apache.commons.cli.Parser;org.apache.commons.cli.PosixParser;org.apache.commons.cli.UnrecognizedOptionException;org.apache.commons.cli.Util","org.apache.commons.cli.bug.BugCLI133Test;org.apache.commons.cli.UtilTest","org.apache.commons.cli.UtilTest::testStripLeadingHyphens;org.apache.commons.cli.bug.BugCLI133Test::testOrder"
7,"org.apache.commons.cli2.Argument;org.apache.commons.cli2.builder.ArgumentBuilder;org.apache.commons.cli2.builder.DefaultOptionBuilder;org.apache.commons.cli2.builder.GroupBuilder;org.apache.commons.cli2.builder.PatternBuilder;org.apache.commons.cli2.DisplaySetting;org.apache.commons.cli2.Group;org.apache.commons.cli2.Option;org.apache.commons.cli2.option.ArgumentImpl;org.apache.commons.cli2.option.DefaultOption;org.apache.commons.cli2.option.GroupImpl;org.apache.commons.cli2.option.OptionImpl;org.apache.commons.cli2.option.ParentImpl;org.apache.commons.cli2.OptionException;org.apache.commons.cli2.Parent;org.apache.commons.cli2.resource.ResourceHelper;org.apache.commons.cli2.validation.FileValidator;org.apache.commons.cli2.validation.InvalidArgumentException;org.apache.commons.cli2.validation.Validator","org.apache.commons.cli2.bug.Bug27575Test","org.apache.commons.cli2.bug.Bug27575Test::testRequiredOptions"
8,"org.apache.commons.cli.HelpFormatter","org.apache.commons.cli.HelpFormatterTest","org.apache.commons.cli.HelpFormatterTest::testPrintWrapped"
9,"org.apache.commons.cli.CommandLine;org.apache.commons.cli.CommandLineParser;org.apache.commons.cli.MissingArgumentException;org.apache.commons.cli.MissingOptionException;org.apache.commons.cli.Option;org.apache.commons.cli.OptionBuilder;org.apache.commons.cli.Options;org.apache.commons.cli.OptionValidator;org.apache.commons.cli.ParseException;org.apache.commons.cli.Parser;org.apache.commons.cli.PosixParser;org.apache.commons.cli.UnrecognizedOptionException;org.apache.commons.cli.Util","org.apache.commons.cli.OptionsTest;org.apache.commons.cli.ParseRequiredTest","org.apache.commons.cli.OptionsTest::testMissingOptionsException;org.apache.commons.cli.ParseRequiredTest::testMissingRequiredOptions"
10,"org.apache.commons.cli.CommandLine;org.apache.commons.cli.CommandLineParser;org.apache.commons.cli.GnuParser;org.apache.commons.cli.MissingArgumentException;org.apache.commons.cli.MissingOptionException;org.apache.commons.cli.Option;org.apache.commons.cli.OptionBuilder;org.apache.commons.cli.Options;org.apache.commons.cli.OptionValidator;org.apache.commons.cli.ParseException;org.apache.commons.cli.Parser;org.apache.commons.cli.PosixParser;org.apache.commons.cli.UnrecognizedOptionException;org.apache.commons.cli.Util","org.apache.commons.cli.ParseRequiredTest","org.apache.commons.cli.ParseRequiredTest::testReuseOptionsTwice"
11,"org.apache.commons.cli.HelpFormatter;org.apache.commons.cli.Option;org.apache.commons.cli.Options;org.apache.commons.cli.OptionValidator","org.apache.commons.cli.HelpFormatterTest","org.apache.commons.cli.HelpFormatterTest::testPrintOptionWithEmptyArgNameUsage"
12,"org.apache.commons.cli.CommandLine;org.apache.commons.cli.CommandLineParser;org.apache.commons.cli.GnuParser;org.apache.commons.cli.MissingArgumentException;org.apache.commons.cli.MissingOptionException;org.apache.commons.cli.Option;org.apache.commons.cli.OptionBuilder;org.apache.commons.cli.Options;org.apache.commons.cli.OptionValidator;org.apache.commons.cli.ParseException;org.apache.commons.cli.Parser;org.apache.commons.cli.UnrecognizedOptionException;org.apache.commons.cli.Util","org.apache.commons.cli.GnuParserTest","org.apache.commons.cli.GnuParserTest::testShortWithEqual;org.apache.commons.cli.GnuParserTest::testLongWithEqualSingleDash;org.apache.commons.cli.GnuParserTest::testLongWithEqual"
13,"org.apache.commons.cli2.Argument;org.apache.commons.cli2.builder.ArgumentBuilder;org.apache.commons.cli2.builder.GroupBuilder;org.apache.commons.cli2.CommandLine;org.apache.commons.cli2.commandline.CommandLineImpl;org.apache.commons.cli2.commandline.Parser;org.apache.commons.cli2.commandline.WriteableCommandLineImpl;org.apache.commons.cli2.DisplaySetting;org.apache.commons.cli2.Group;org.apache.commons.cli2.Option;org.apache.commons.cli2.option.ArgumentImpl;org.apache.commons.cli2.option.GroupImpl;org.apache.commons.cli2.option.OptionImpl;org.apache.commons.cli2.option.SourceDestArgument;org.apache.commons.cli2.OptionException;org.apache.commons.cli2.resource.ResourceHelper;org.apache.commons.cli2.util.HelpFormatter;org.apache.commons.cli2.validation.InvalidArgumentException;org.apache.commons.cli2.WriteableCommandLine","org.apache.commons.cli2.bug.BugLoopingOptionLookAlikeTest","org.apache.commons.cli2.bug.BugLoopingOptionLookAlikeTest::testLoopingOptionLookAlike2"
14,"org.apache.commons.cli2.Argument;org.apache.commons.cli2.builder.ArgumentBuilder;org.apache.commons.cli2.builder.DefaultOptionBuilder;org.apache.commons.cli2.builder.GroupBuilder;org.apache.commons.cli2.CommandLine;org.apache.commons.cli2.commandline.CommandLineImpl;org.apache.commons.cli2.commandline.Parser;org.apache.commons.cli2.commandline.WriteableCommandLineImpl;org.apache.commons.cli2.DisplaySetting;org.apache.commons.cli2.Group;org.apache.commons.cli2.Option;org.apache.commons.cli2.option.ArgumentImpl;org.apache.commons.cli2.option.DefaultOption;org.apache.commons.cli2.option.GroupImpl;org.apache.commons.cli2.option.OptionImpl;org.apache.commons.cli2.option.ParentImpl;org.apache.commons.cli2.OptionException;org.apache.commons.cli2.Parent;org.apache.commons.cli2.resource.ResourceHelper;org.apache.commons.cli2.util.HelpFormatter;org.apache.commons.cli2.validation.FileValidator;org.apache.commons.cli2.validation.InvalidArgumentException;org.apache.commons.cli2.validation.Validator;org.apache.commons.cli2.WriteableCommandLine","org.apache.commons.cli2.bug.BugCLI144Test","org.apache.commons.cli2.bug.BugCLI144Test::testFileValidator"
15,"org.apache.commons.cli2.Argument;org.apache.commons.cli2.builder.ArgumentBuilder;org.apache.commons.cli2.builder.DefaultOptionBuilder;org.apache.commons.cli2.builder.GroupBuilder;org.apache.commons.cli2.CommandLine;org.apache.commons.cli2.commandline.CommandLineImpl;org.apache.commons.cli2.commandline.Parser;org.apache.commons.cli2.commandline.WriteableCommandLineImpl;org.apache.commons.cli2.DisplaySetting;org.apache.commons.cli2.Group;org.apache.commons.cli2.Option;org.apache.commons.cli2.option.ArgumentImpl;org.apache.commons.cli2.option.DefaultOption;org.apache.commons.cli2.option.GroupImpl;org.apache.commons.cli2.option.OptionImpl;org.apache.commons.cli2.option.ParentImpl;org.apache.commons.cli2.OptionException;org.apache.commons.cli2.Parent;org.apache.commons.cli2.resource.ResourceHelper;org.apache.commons.cli2.util.HelpFormatter;org.apache.commons.cli2.validation.InvalidArgumentException;org.apache.commons.cli2.WriteableCommandLine","org.apache.commons.cli2.bug.BugCLI158Test","org.apache.commons.cli2.bug.BugCLI158Test::testSingleOptionSingleArgument;org.apache.commons.cli2.bug.BugCLI158Test::testSingleOptionMaximumNumberOfArgument"
16,"org.apache.commons.cli2.Argument;org.apache.commons.cli2.builder.ArgumentBuilder;org.apache.commons.cli2.builder.DefaultOptionBuilder;org.apache.commons.cli2.builder.GroupBuilder;org.apache.commons.cli2.CommandLine;org.apache.commons.cli2.commandline.CommandLineImpl;org.apache.commons.cli2.commandline.DefaultingCommandLine;org.apache.commons.cli2.commandline.Parser;org.apache.commons.cli2.commandline.PreferencesCommandLine;org.apache.commons.cli2.commandline.PropertiesCommandLine;org.apache.commons.cli2.commandline.WriteableCommandLineImpl;org.apache.commons.cli2.DisplaySetting;org.apache.commons.cli2.Group;org.apache.commons.cli2.Option;org.apache.commons.cli2.option.ArgumentImpl;org.apache.commons.cli2.option.Command;org.apache.commons.cli2.option.DefaultOption;org.apache.commons.cli2.option.GroupImpl;org.apache.commons.cli2.option.OptionImpl;org.apache.commons.cli2.option.ParentImpl;org.apache.commons.cli2.option.PropertyOption;org.apache.commons.cli2.OptionException;org.apache.commons.cli2.Parent;org.apache.commons.cli2.resource.ResourceHelper;org.apache.commons.cli2.util.HelpFormatter;org.apache.commons.cli2.validation.InvalidArgumentException;org.apache.commons.cli2.validation.Validator;org.apache.commons.cli2.WriteableCommandLine","org.apache.commons.cli2.bug.BugCLI123Test;org.apache.commons.cli2.CLITestCase;org.apache.commons.cli2.commandline.DefaultingCommandLineTest;org.apache.commons.cli2.commandline.PreferencesCommandLineTest;org.apache.commons.cli2.commandline.PropertiesCommandLineTest;org.apache.commons.cli2.commandline.WriteableCommandLineImplTest;org.apache.commons.cli2.CommandLineTestCase;org.apache.commons.cli2.option.ArgumentTest;org.apache.commons.cli2.option.ArgumentTestCase;org.apache.commons.cli2.option.CommandTest;org.apache.commons.cli2.option.DefaultOptionTest;org.apache.commons.cli2.option.OptionTestCase;org.apache.commons.cli2.option.ParentTestCase;org.apache.commons.cli2.WriteableCommandLineTestCase","org.apache.commons.cli2.bug.BugCLI123Test::testMultipleChildOptions;org.apache.commons.cli2.bug.BugCLI123Test::testParentOptionAndChildOption;org.apache.commons.cli2.bug.BugCLI123Test::testSingleChildOption;org.apache.commons.cli2.commandline.DefaultingCommandLineTest::testGetOptions_Order;org.apache.commons.cli2.commandline.PreferencesCommandLineTest::testGetOptions_Order;org.apache.commons.cli2.commandline.PropertiesCommandLineTest::testGetOptions_Order;org.apache.commons.cli2.commandline.WriteableCommandLineImplTest::testGetOptions_Order"
17,"org.apache.commons.cli.CommandLine;org.apache.commons.cli.CommandLineParser;org.apache.commons.cli.MissingArgumentException;org.apache.commons.cli.MissingOptionException;org.apache.commons.cli.Option;org.apache.commons.cli.Options;org.apache.commons.cli.OptionValidator;org.apache.commons.cli.ParseException;org.apache.commons.cli.Parser;org.apache.commons.cli.PosixParser;org.apache.commons.cli.UnrecognizedOptionException;org.apache.commons.cli.Util","org.apache.commons.cli.PosixParserTest","org.apache.commons.cli.PosixParserTest::testStopBursting"
18,"org.apache.commons.cli.CommandLine;org.apache.commons.cli.CommandLineParser;org.apache.commons.cli.MissingArgumentException;org.apache.commons.cli.MissingOptionException;org.apache.commons.cli.Option;org.apache.commons.cli.Options;org.apache.commons.cli.OptionValidator;org.apache.commons.cli.ParseException;org.apache.commons.cli.Parser;org.apache.commons.cli.PosixParser;org.apache.commons.cli.UnrecognizedOptionException;org.apache.commons.cli.Util","org.apache.commons.cli.PosixParserTest","org.apache.commons.cli.PosixParserTest::testStop2"
19,"org.apache.commons.cli.CommandLine;org.apache.commons.cli.CommandLineParser;org.apache.commons.cli.MissingArgumentException;org.apache.commons.cli.MissingOptionException;org.apache.commons.cli.Option;org.apache.commons.cli.Options;org.apache.commons.cli.OptionValidator;org.apache.commons.cli.ParseException;org.apache.commons.cli.Parser;org.apache.commons.cli.PosixParser;org.apache.commons.cli.UnrecognizedOptionException;org.apache.commons.cli.Util","org.apache.commons.cli.PosixParserTest","org.apache.commons.cli.PosixParserTest::testUnrecognizedOption2"
20,"org.apache.commons.cli.CommandLine;org.apache.commons.cli.CommandLineParser;org.apache.commons.cli.MissingArgumentException;org.apache.commons.cli.MissingOptionException;org.apache.commons.cli.Option;org.apache.commons.cli.Options;org.apache.commons.cli.OptionValidator;org.apache.commons.cli.ParseException;org.apache.commons.cli.Parser;org.apache.commons.cli.PosixParser;org.apache.commons.cli.UnrecognizedOptionException;org.apache.commons.cli.Util","org.apache.commons.cli.PosixParserTest","org.apache.commons.cli.PosixParserTest::testStop3"
21,"org.apache.commons.cli2.Argument;org.apache.commons.cli2.builder.ArgumentBuilder;org.apache.commons.cli2.builder.DefaultOptionBuilder;org.apache.commons.cli2.builder.GroupBuilder;org.apache.commons.cli2.CommandLine;org.apache.commons.cli2.commandline.CommandLineImpl;org.apache.commons.cli2.commandline.Parser;org.apache.commons.cli2.commandline.WriteableCommandLineImpl;org.apache.commons.cli2.DisplaySetting;org.apache.commons.cli2.Group;org.apache.commons.cli2.Option;org.apache.commons.cli2.option.ArgumentImpl;org.apache.commons.cli2.option.DefaultOption;org.apache.commons.cli2.option.GroupImpl;org.apache.commons.cli2.option.OptionImpl;org.apache.commons.cli2.option.ParentImpl;org.apache.commons.cli2.OptionException;org.apache.commons.cli2.Parent;org.apache.commons.cli2.resource.ResourceHelper;org.apache.commons.cli2.util.HelpFormatter;org.apache.commons.cli2.validation.InvalidArgumentException;org.apache.commons.cli2.validation.NumberValidator;org.apache.commons.cli2.validation.Validator;org.apache.commons.cli2.WriteableCommandLine","org.apache.commons.cli2.bug.BugCLI150Test","org.apache.commons.cli2.bug.BugCLI150Test::testNegativeNumber"
22,"org.apache.commons.cli.CommandLine;org.apache.commons.cli.CommandLineParser;org.apache.commons.cli.MissingArgumentException;org.apache.commons.cli.MissingOptionException;org.apache.commons.cli.Option;org.apache.commons.cli.OptionBuilder;org.apache.commons.cli.Options;org.apache.commons.cli.OptionValidator;org.apache.commons.cli.ParseException;org.apache.commons.cli.Parser;org.apache.commons.cli.PosixParser;org.apache.commons.cli.UnrecognizedOptionException;org.apache.commons.cli.Util","org.apache.commons.cli.ApplicationTest;org.apache.commons.cli.ParserTestCase;org.apache.commons.cli.PosixParserTest","org.apache.commons.cli.ApplicationTest::testGroovy;org.apache.commons.cli.PosixParserTest::testStopAtExpectedArg"
23,"org.apache.commons.cli.AlreadySelectedException;org.apache.commons.cli.HelpFormatter;org.apache.commons.cli.Option;org.apache.commons.cli.OptionGroup;org.apache.commons.cli.Options;org.apache.commons.cli.OptionValidator;org.apache.commons.cli.ParseException","org.apache.commons.cli.bug.BugCLI162Test","org.apache.commons.cli.bug.BugCLI162Test::testInfiniteLoop;org.apache.commons.cli.bug.BugCLI162Test::testPrintHelpLongLines"
24,"org.apache.commons.cli.HelpFormatter;org.apache.commons.cli.Option;org.apache.commons.cli.Options;org.apache.commons.cli.OptionValidator;org.apache.commons.cli.ParseException","org.apache.commons.cli.bug.BugCLI162Test","org.apache.commons.cli.bug.BugCLI162Test::testLongLineChunkingIndentIgnored"
25,"org.apache.commons.cli.HelpFormatter;org.apache.commons.cli.Option;org.apache.commons.cli.Options;org.apache.commons.cli.OptionValidator;org.apache.commons.cli.ParseException","org.apache.commons.cli.bug.BugCLI162Test","org.apache.commons.cli.bug.BugCLI162Test::testLongLineChunkingIndentIgnored"
26,"org.apache.commons.cli.Option;org.apache.commons.cli.OptionBuilder;org.apache.commons.cli.OptionValidator","org.apache.commons.cli.OptionBuilderTest","org.apache.commons.cli.OptionBuilderTest::testBuilderIsResettedAlways"
27,"org.apache.commons.cli.AlreadySelectedException;org.apache.commons.cli.AmbiguousOptionException;org.apache.commons.cli.BasicParser;org.apache.commons.cli.CommandLine;org.apache.commons.cli.CommandLineParser;org.apache.commons.cli.GnuParser;org.apache.commons.cli.MissingArgumentException;org.apache.commons.cli.MissingOptionException;org.apache.commons.cli.Option;org.apache.commons.cli.OptionBuilder;org.apache.commons.cli.OptionGroup;org.apache.commons.cli.Options;org.apache.commons.cli.OptionValidator;org.apache.commons.cli.ParseException;org.apache.commons.cli.Parser;org.apache.commons.cli.PosixParser;org.apache.commons.cli.UnrecognizedOptionException;org.apache.commons.cli.Util","org.apache.commons.cli.BasicParserTest;org.apache.commons.cli.GnuParserTest;org.apache.commons.cli.ParserTestCase;org.apache.commons.cli.PosixParserTest","org.apache.commons.cli.BasicParserTest::testOptionGroupLong;org.apache.commons.cli.GnuParserTest::testOptionGroupLong;org.apache.commons.cli.PosixParserTest::testOptionGroupLong"
28,"org.apache.commons.cli.AmbiguousOptionException;org.apache.commons.cli.CommandLine;org.apache.commons.cli.CommandLineParser;org.apache.commons.cli.MissingArgumentException;org.apache.commons.cli.MissingOptionException;org.apache.commons.cli.Option;org.apache.commons.cli.OptionBuilder;org.apache.commons.cli.Options;org.apache.commons.cli.OptionValidator;org.apache.commons.cli.ParseException;org.apache.commons.cli.Parser;org.apache.commons.cli.PosixParser;org.apache.commons.cli.UnrecognizedOptionException;org.apache.commons.cli.Util","org.apache.commons.cli.ValueTest","org.apache.commons.cli.ValueTest::testPropertyOptionFlags"
29,"org.apache.commons.cli.Util","org.apache.commons.cli.UtilTest","org.apache.commons.cli.UtilTest::testStripLeadingAndTrailingQuotes"
30,"org.apache.commons.cli.AlreadySelectedException;org.apache.commons.cli.AmbiguousOptionException;org.apache.commons.cli.BasicParser;org.apache.commons.cli.CommandLine;org.apache.commons.cli.CommandLineParser;org.apache.commons.cli.DefaultParser;org.apache.commons.cli.GnuParser;org.apache.commons.cli.MissingArgumentException;org.apache.commons.cli.MissingOptionException;org.apache.commons.cli.Option;org.apache.commons.cli.OptionGroup;org.apache.commons.cli.Options;org.apache.commons.cli.OptionValidator;org.apache.commons.cli.ParseException;org.apache.commons.cli.Parser;org.apache.commons.cli.PosixParser;org.apache.commons.cli.UnrecognizedOptionException;org.apache.commons.cli.Util","org.apache.commons.cli.BasicParserTest;org.apache.commons.cli.DefaultParserTest;org.apache.commons.cli.GnuParserTest;org.apache.commons.cli.OptionGroupTest;org.apache.commons.cli.ParserTestCase;org.apache.commons.cli.PosixParserTest","org.apache.commons.cli.BasicParserTest::testPropertyOptionGroup;org.apache.commons.cli.BasicParserTest::testPropertyOptionUnexpected;org.apache.commons.cli.DefaultParserTest::testPropertyOptionGroup;org.apache.commons.cli.DefaultParserTest::testPropertyOptionUnexpected;org.apache.commons.cli.GnuParserTest::testPropertyOptionGroup;org.apache.commons.cli.GnuParserTest::testPropertyOptionUnexpected;org.apache.commons.cli.OptionGroupTest::testTwoOptionsFromGroupWithProperties;org.apache.commons.cli.PosixParserTest::testPropertyOptionGroup;org.apache.commons.cli.PosixParserTest::testPropertyOptionUnexpected"
31,"org.apache.commons.cli.HelpFormatter;org.apache.commons.cli.Option;org.apache.commons.cli.OptionBuilder;org.apache.commons.cli.Options;org.apache.commons.cli.OptionValidator","org.apache.commons.cli.HelpFormatterTest","org.apache.commons.cli.HelpFormatterTest::testDefaultArgName"
32,"org.apache.commons.cli.HelpFormatter","org.apache.commons.cli.HelpFormatterTest","org.apache.commons.cli.HelpFormatterTest::testRenderWrappedTextWordCut;org.apache.commons.cli.HelpFormatterTest::testFindWrapPos"
33,"org.apache.commons.cli.HelpFormatter;org.apache.commons.cli.Options","org.apache.commons.cli.HelpFormatterTest","org.apache.commons.cli.HelpFormatterTest::testIndentedHeaderAndFooter"
34,"org.apache.commons.cli.AmbiguousOptionException;org.apache.commons.cli.CommandLine;org.apache.commons.cli.CommandLineParser;org.apache.commons.cli.DefaultParser;org.apache.commons.cli.GnuParser;org.apache.commons.cli.MissingArgumentException;org.apache.commons.cli.MissingOptionException;org.apache.commons.cli.Option;org.apache.commons.cli.OptionBuilder;org.apache.commons.cli.Options;org.apache.commons.cli.OptionValidator;org.apache.commons.cli.ParseException;org.apache.commons.cli.Parser;org.apache.commons.cli.PatternOptionBuilder;org.apache.commons.cli.TypeHandler;org.apache.commons.cli.UnrecognizedOptionException;org.apache.commons.cli.Util","org.apache.commons.cli.CommandLineTest;org.apache.commons.cli.OptionBuilderTest","org.apache.commons.cli.CommandLineTest::testGetParsedOptionValue;org.apache.commons.cli.OptionBuilderTest::testTwoCompleteOptions"
35,"org.apache.commons.cli.AmbiguousOptionException;org.apache.commons.cli.CommandLine;org.apache.commons.cli.CommandLineParser;org.apache.commons.cli.DefaultParser;org.apache.commons.cli.MissingArgumentException;org.apache.commons.cli.MissingOptionException;org.apache.commons.cli.Option;org.apache.commons.cli.Options;org.apache.commons.cli.OptionValidator;org.apache.commons.cli.ParseException;org.apache.commons.cli.UnrecognizedOptionException;org.apache.commons.cli.Util","org.apache.commons.cli.bug.BugCLI252Test;org.apache.commons.cli.DefaultParserTest;org.apache.commons.cli.ParserTestCase","org.apache.commons.cli.bug.BugCLI252Test::testExactOptionNameMatch"
36,"org.apache.commons.cli.AlreadySelectedException;org.apache.commons.cli.Option;org.apache.commons.cli.OptionGroup;org.apache.commons.cli.Options;org.apache.commons.cli.OptionValidator;org.apache.commons.cli.ParseException","org.apache.commons.cli.bug.BugCLI266Test","org.apache.commons.cli.bug.BugCLI266Test::testOptionComparatorInsertedOrder"
37,"org.apache.commons.cli.AmbiguousOptionException;org.apache.commons.cli.CommandLine;org.apache.commons.cli.CommandLineParser;org.apache.commons.cli.DefaultParser;org.apache.commons.cli.MissingArgumentException;org.apache.commons.cli.MissingOptionException;org.apache.commons.cli.Option;org.apache.commons.cli.Options;org.apache.commons.cli.OptionValidator;org.apache.commons.cli.ParseException;org.apache.commons.cli.UnrecognizedOptionException;org.apache.commons.cli.Util","org.apache.commons.cli.bug.BugCLI265Test","org.apache.commons.cli.bug.BugCLI265Test::shouldParseShortOptionWithoutValue"
38,"org.apache.commons.cli.AmbiguousOptionException;org.apache.commons.cli.CommandLine;org.apache.commons.cli.CommandLineParser;org.apache.commons.cli.DefaultParser;org.apache.commons.cli.MissingArgumentException;org.apache.commons.cli.MissingOptionException;org.apache.commons.cli.Option;org.apache.commons.cli.Options;org.apache.commons.cli.OptionValidator;org.apache.commons.cli.ParseException;org.apache.commons.cli.UnrecognizedOptionException;org.apache.commons.cli.Util","org.apache.commons.cli.bug.BugCLI265Test","org.apache.commons.cli.bug.BugCLI265Test::shouldParseConcatenatedShortOptions"
39,"org.apache.commons.cli.AmbiguousOptionException;org.apache.commons.cli.CommandLine;org.apache.commons.cli.CommandLineParser;org.apache.commons.cli.MissingArgumentException;org.apache.commons.cli.MissingOptionException;org.apache.commons.cli.Option;org.apache.commons.cli.Options;org.apache.commons.cli.OptionValidator;org.apache.commons.cli.ParseException;org.apache.commons.cli.Parser;org.apache.commons.cli.PatternOptionBuilder;org.apache.commons.cli.PosixParser;org.apache.commons.cli.TypeHandler;org.apache.commons.cli.UnrecognizedOptionException;org.apache.commons.cli.Util","org.apache.commons.cli.PatternOptionBuilderTest","org.apache.commons.cli.PatternOptionBuilderTest::testExistingFilePattern;org.apache.commons.cli.PatternOptionBuilderTest::testExistingFilePatternFileNotExist"
40,"org.apache.commons.cli.PatternOptionBuilder;org.apache.commons.cli.ParseException;org.apache.commons.cli.TypeHandler","org.apache.commons.cli.TypeHandlerTest","org.apache.commons.cli.TypeHandlerTest::testCreateValueInteger_failure"
