1,"org.apache.commons.compress.archivers.ar.ArArchiveInputStream;org.apache.commons.compress.archivers.ar.ArArchiveOutputStream;org.apache.commons.compress.archivers.ArchiveEntry;org.apache.commons.compress.archivers.ArchiveException;org.apache.commons.compress.archivers.ArchiveInputStream;org.apache.commons.compress.archivers.ArchiveOutputStream;org.apache.commons.compress.archivers.ArchiveStreamFactory;org.apache.commons.compress.archivers.cpio.CpioArchiveEntry;org.apache.commons.compress.archivers.cpio.CpioArchiveInputStream;org.apache.commons.compress.archivers.cpio.CpioArchiveOutputStream;org.apache.commons.compress.archivers.cpio.CpioConstants;org.apache.commons.compress.archivers.cpio.CpioUtil;org.apache.commons.compress.archivers.jar.JarArchiveInputStream;org.apache.commons.compress.archivers.jar.JarArchiveOutputStream;org.apache.commons.compress.archivers.tar.TarArchiveInputStream;org.apache.commons.compress.archivers.tar.TarArchiveOutputStream;org.apache.commons.compress.archivers.zip.ZipArchiveInputStream;org.apache.commons.compress.archivers.zip.ZipArchiveOutputStream;org.apache.commons.compress.utils.IOUtils","org.apache.commons.compress.AbstractTestCase;org.apache.commons.compress.archivers.CpioTestCase"
2,"org.apache.commons.compress.archivers.ar.ArArchiveEntry;org.apache.commons.compress.archivers.ar.ArArchiveInputStream;org.apache.commons.compress.archivers.ar.ArArchiveOutputStream;org.apache.commons.compress.archivers.ArchiveEntry;org.apache.commons.compress.archivers.ArchiveException;org.apache.commons.compress.archivers.ArchiveInputStream;org.apache.commons.compress.archivers.ArchiveOutputStream;org.apache.commons.compress.archivers.ArchiveStreamFactory;org.apache.commons.compress.archivers.cpio.CpioArchiveInputStream;org.apache.commons.compress.archivers.cpio.CpioArchiveOutputStream;org.apache.commons.compress.archivers.cpio.CpioConstants;org.apache.commons.compress.archivers.jar.JarArchiveInputStream;org.apache.commons.compress.archivers.jar.JarArchiveOutputStream;org.apache.commons.compress.archivers.tar.TarArchiveInputStream;org.apache.commons.compress.archivers.tar.TarArchiveOutputStream;org.apache.commons.compress.archivers.zip.ZipArchiveInputStream;org.apache.commons.compress.archivers.zip.ZipArchiveOutputStream;org.apache.commons.compress.archivers.zip.ZipExtraField;org.apache.commons.compress.archivers.zip.ZipLong;org.apache.commons.compress.utils.IOUtils","org.apache.commons.compress.AbstractTestCase;org.apache.commons.compress.archivers.ArTestCase"
3,"org.apache.commons.compress.archivers.ar.ArArchiveEntry;org.apache.commons.compress.archivers.ar.ArArchiveInputStream;org.apache.commons.compress.archivers.ar.ArArchiveOutputStream;org.apache.commons.compress.archivers.ArchiveEntry;org.apache.commons.compress.archivers.ArchiveException;org.apache.commons.compress.archivers.ArchiveInputStream;org.apache.commons.compress.archivers.ArchiveOutputStream;org.apache.commons.compress.archivers.ArchiveStreamFactory;org.apache.commons.compress.archivers.cpio.CpioArchiveEntry;org.apache.commons.compress.archivers.cpio.CpioArchiveInputStream;org.apache.commons.compress.archivers.cpio.CpioArchiveOutputStream;org.apache.commons.compress.archivers.cpio.CpioConstants;org.apache.commons.compress.archivers.jar.JarArchiveEntry;org.apache.commons.compress.archivers.jar.JarArchiveInputStream;org.apache.commons.compress.archivers.jar.JarArchiveOutputStream;org.apache.commons.compress.archivers.tar.TarArchiveEntry;org.apache.commons.compress.archivers.tar.TarArchiveInputStream;org.apache.commons.compress.archivers.tar.TarArchiveOutputStream;org.apache.commons.compress.archivers.tar.TarBuffer;org.apache.commons.compress.archivers.tar.TarConstants;org.apache.commons.compress.archivers.tar.TarUtils;org.apache.commons.compress.archivers.zip.AbstractUnicodeExtraField;org.apache.commons.compress.archivers.zip.AsiExtraField;org.apache.commons.compress.archivers.zip.ExtraFieldUtils;org.apache.commons.compress.archivers.zip.FallbackZipEncoding;org.apache.commons.compress.archivers.zip.JarMarker;org.apache.commons.compress.archivers.zip.UnicodeCommentExtraField;org.apache.commons.compress.archivers.zip.UnicodePathExtraField;org.apache.commons.compress.archivers.zip.UnixStat;org.apache.commons.compress.archivers.zip.ZipArchiveEntry;org.apache.commons.compress.archivers.zip.ZipArchiveInputStream;org.apache.commons.compress.archivers.zip.ZipArchiveOutputStream;org.apache.commons.compress.archivers.zip.ZipEncoding;org.apache.commons.compress.archivers.zip.ZipEncodingHelper;org.apache.commons.compress.archivers.zip.ZipExtraField;org.apache.commons.compress.archivers.zip.ZipLong;org.apache.commons.compress.archivers.zip.ZipShort;org.apache.commons.compress.archivers.zip.ZipUtil;org.apache.commons.compress.utils.ArchiveUtils","org.apache.commons.compress.AbstractTestCase;org.apache.commons.compress.archivers.ArchiveOutputStreamTest"
4,"org.apache.commons.compress.archivers.ar.ArArchiveInputStream;org.apache.commons.compress.archivers.ar.ArArchiveOutputStream;org.apache.commons.compress.archivers.ArchiveEntry;org.apache.commons.compress.archivers.ArchiveException;org.apache.commons.compress.archivers.ArchiveInputStream;org.apache.commons.compress.archivers.ArchiveOutputStream;org.apache.commons.compress.archivers.ArchiveStreamFactory;org.apache.commons.compress.archivers.cpio.CpioArchiveInputStream;org.apache.commons.compress.archivers.cpio.CpioArchiveOutputStream;org.apache.commons.compress.archivers.cpio.CpioConstants;org.apache.commons.compress.archivers.jar.JarArchiveInputStream;org.apache.commons.compress.archivers.jar.JarArchiveOutputStream;org.apache.commons.compress.archivers.tar.TarArchiveInputStream;org.apache.commons.compress.archivers.tar.TarArchiveOutputStream;org.apache.commons.compress.archivers.zip.AbstractUnicodeExtraField;org.apache.commons.compress.archivers.zip.AsiExtraField;org.apache.commons.compress.archivers.zip.ExtraFieldUtils;org.apache.commons.compress.archivers.zip.FallbackZipEncoding;org.apache.commons.compress.archivers.zip.JarMarker;org.apache.commons.compress.archivers.zip.NioZipEncoding;org.apache.commons.compress.archivers.zip.Simple8BitZipEncoding;org.apache.commons.compress.archivers.zip.UnicodeCommentExtraField;org.apache.commons.compress.archivers.zip.UnicodePathExtraField;org.apache.commons.compress.archivers.zip.UnixStat;org.apache.commons.compress.archivers.zip.ZipArchiveEntry;org.apache.commons.compress.archivers.zip.ZipArchiveInputStream;org.apache.commons.compress.archivers.zip.ZipArchiveOutputStream;org.apache.commons.compress.archivers.zip.ZipEncoding;org.apache.commons.compress.archivers.zip.ZipEncodingHelper;org.apache.commons.compress.archivers.zip.ZipExtraField;org.apache.commons.compress.archivers.zip.ZipFile;org.apache.commons.compress.archivers.zip.ZipLong;org.apache.commons.compress.archivers.zip.ZipShort;org.apache.commons.compress.archivers.zip.ZipUtil","org.apache.commons.compress.AbstractTestCase;org.apache.commons.compress.archivers.jar.JarArchiveOutputStreamTest;org.apache.commons.compress.archivers.zip.UTF8ZipFilesTest"
5,"org.apache.commons.compress.archivers.ArchiveEntry;org.apache.commons.compress.archivers.ArchiveInputStream;org.apache.commons.compress.archivers.zip.AbstractUnicodeExtraField;org.apache.commons.compress.archivers.zip.AsiExtraField;org.apache.commons.compress.archivers.zip.ExtraFieldUtils;org.apache.commons.compress.archivers.zip.FallbackZipEncoding;org.apache.commons.compress.archivers.zip.JarMarker;org.apache.commons.compress.archivers.zip.UnicodeCommentExtraField;org.apache.commons.compress.archivers.zip.UnicodePathExtraField;org.apache.commons.compress.archivers.zip.UnixStat;org.apache.commons.compress.archivers.zip.ZipArchiveEntry;org.apache.commons.compress.archivers.zip.ZipArchiveInputStream;org.apache.commons.compress.archivers.zip.ZipEncoding;org.apache.commons.compress.archivers.zip.ZipEncodingHelper;org.apache.commons.compress.archivers.zip.ZipExtraField;org.apache.commons.compress.archivers.zip.ZipLong;org.apache.commons.compress.archivers.zip.ZipShort;org.apache.commons.compress.archivers.zip.ZipUtil","org.apache.commons.compress.archivers.zip.Maven221MultiVolumeTest"
6,"org.apache.commons.compress.archivers.ArchiveEntry;org.apache.commons.compress.archivers.zip.ZipArchiveEntry;org.apache.commons.compress.archivers.zip.ZipExtraField","org.apache.commons.compress.archivers.zip.ZipArchiveEntryTest"
7,"org.apache.commons.compress.archivers.tar.TarUtils","org.apache.commons.compress.archivers.tar.TarUtilsTest"
8,"org.apache.commons.compress.archivers.tar.TarUtils","org.apache.commons.compress.archivers.tar.TarUtilsTest"
9,"org.apache.commons.compress.archivers.ar.ArArchiveInputStream;org.apache.commons.compress.archivers.ar.ArArchiveOutputStream;org.apache.commons.compress.archivers.ArchiveEntry;org.apache.commons.compress.archivers.ArchiveException;org.apache.commons.compress.archivers.ArchiveInputStream;org.apache.commons.compress.archivers.ArchiveOutputStream;org.apache.commons.compress.archivers.ArchiveStreamFactory;org.apache.commons.compress.archivers.cpio.CpioArchiveInputStream;org.apache.commons.compress.archivers.cpio.CpioArchiveOutputStream;org.apache.commons.compress.archivers.cpio.CpioConstants;org.apache.commons.compress.archivers.dump.DumpArchiveInputStream;org.apache.commons.compress.archivers.jar.JarArchiveInputStream;org.apache.commons.compress.archivers.jar.JarArchiveOutputStream;org.apache.commons.compress.archivers.tar.TarArchiveEntry;org.apache.commons.compress.archivers.tar.TarArchiveInputStream;org.apache.commons.compress.archivers.tar.TarArchiveOutputStream;org.apache.commons.compress.archivers.tar.TarBuffer;org.apache.commons.compress.archivers.tar.TarConstants;org.apache.commons.compress.archivers.tar.TarUtils;org.apache.commons.compress.archivers.zip.ZipArchiveInputStream;org.apache.commons.compress.archivers.zip.ZipArchiveOutputStream;org.apache.commons.compress.utils.CountingOutputStream","org.apache.commons.compress.AbstractTestCase;org.apache.commons.compress.archivers.tar.TarArchiveOutputStreamTest"
10,"org.apache.commons.compress.archivers.ar.ArArchiveInputStream;org.apache.commons.compress.archivers.ar.ArArchiveOutputStream;org.apache.commons.compress.archivers.ArchiveEntry;org.apache.commons.compress.archivers.ArchiveException;org.apache.commons.compress.archivers.ArchiveInputStream;org.apache.commons.compress.archivers.ArchiveOutputStream;org.apache.commons.compress.archivers.ArchiveStreamFactory;org.apache.commons.compress.archivers.cpio.CpioArchiveInputStream;org.apache.commons.compress.archivers.cpio.CpioArchiveOutputStream;org.apache.commons.compress.archivers.cpio.CpioConstants;org.apache.commons.compress.archivers.dump.DumpArchiveInputStream;org.apache.commons.compress.archivers.jar.JarArchiveInputStream;org.apache.commons.compress.archivers.jar.JarArchiveOutputStream;org.apache.commons.compress.archivers.tar.TarArchiveInputStream;org.apache.commons.compress.archivers.tar.TarArchiveOutputStream;org.apache.commons.compress.archivers.zip.AbstractUnicodeExtraField;org.apache.commons.compress.archivers.zip.AsiExtraField;org.apache.commons.compress.archivers.zip.ExtraFieldUtils;org.apache.commons.compress.archivers.zip.FallbackZipEncoding;org.apache.commons.compress.archivers.zip.GeneralPurposeBit;org.apache.commons.compress.archivers.zip.JarMarker;org.apache.commons.compress.archivers.zip.UnicodeCommentExtraField;org.apache.commons.compress.archivers.zip.UnicodePathExtraField;org.apache.commons.compress.archivers.zip.UnixStat;org.apache.commons.compress.archivers.zip.UnparseableExtraFieldData;org.apache.commons.compress.archivers.zip.UnrecognizedExtraField;org.apache.commons.compress.archivers.zip.UnsupportedZipFeatureException;org.apache.commons.compress.archivers.zip.Zip64ExtendedInformationExtraField;org.apache.commons.compress.archivers.zip.Zip64RequiredException;org.apache.commons.compress.archivers.zip.ZipArchiveEntry;org.apache.commons.compress.archivers.zip.ZipArchiveInputStream;org.apache.commons.compress.archivers.zip.ZipArchiveOutputStream;org.apache.commons.compress.archivers.zip.ZipEightByteInteger;org.apache.commons.compress.archivers.zip.ZipEncoding;org.apache.commons.compress.archivers.zip.ZipEncodingHelper;org.apache.commons.compress.archivers.zip.ZipExtraField;org.apache.commons.compress.archivers.zip.ZipFile;org.apache.commons.compress.archivers.zip.ZipLong;org.apache.commons.compress.archivers.zip.ZipShort;org.apache.commons.compress.archivers.zip.ZipUtil","org.apache.commons.compress.AbstractTestCase;org.apache.commons.compress.archivers.zip.UTF8ZipFilesTest"
11,"org.apache.commons.compress.archivers.ar.ArArchiveInputStream;org.apache.commons.compress.archivers.ar.ArArchiveOutputStream;org.apache.commons.compress.archivers.ArchiveEntry;org.apache.commons.compress.archivers.ArchiveException;org.apache.commons.compress.archivers.ArchiveInputStream;org.apache.commons.compress.archivers.ArchiveOutputStream;org.apache.commons.compress.archivers.ArchiveStreamFactory;org.apache.commons.compress.archivers.cpio.CpioArchiveInputStream;org.apache.commons.compress.archivers.cpio.CpioArchiveOutputStream;org.apache.commons.compress.archivers.cpio.CpioConstants;org.apache.commons.compress.archivers.dump.DumpArchiveException;org.apache.commons.compress.archivers.dump.DumpArchiveInputStream;org.apache.commons.compress.archivers.dump.DumpArchiveUtil;org.apache.commons.compress.archivers.dump.InvalidFormatException;org.apache.commons.compress.archivers.dump.UnrecognizedFormatException;org.apache.commons.compress.archivers.jar.JarArchiveInputStream;org.apache.commons.compress.archivers.jar.JarArchiveOutputStream;org.apache.commons.compress.archivers.tar.TarArchiveInputStream;org.apache.commons.compress.archivers.tar.TarArchiveOutputStream;org.apache.commons.compress.archivers.zip.UnsupportedZipFeatureException;org.apache.commons.compress.archivers.zip.Zip64RequiredException;org.apache.commons.compress.archivers.zip.ZipArchiveInputStream;org.apache.commons.compress.archivers.zip.ZipArchiveOutputStream;org.apache.commons.compress.archivers.zip.ZipExtraField;org.apache.commons.compress.archivers.zip.ZipLong","org.apache.commons.compress.archivers.ArchiveStreamFactoryTest"
12,"org.apache.commons.compress.archivers.ar.ArArchiveInputStream;org.apache.commons.compress.archivers.ar.ArArchiveOutputStream;org.apache.commons.compress.archivers.ArchiveEntry;org.apache.commons.compress.archivers.ArchiveException;org.apache.commons.compress.archivers.ArchiveInputStream;org.apache.commons.compress.archivers.ArchiveOutputStream;org.apache.commons.compress.archivers.ArchiveStreamFactory;org.apache.commons.compress.archivers.cpio.CpioArchiveInputStream;org.apache.commons.compress.archivers.cpio.CpioArchiveOutputStream;org.apache.commons.compress.archivers.cpio.CpioConstants;org.apache.commons.compress.archivers.dump.DumpArchiveInputStream;org.apache.commons.compress.archivers.jar.JarArchiveInputStream;org.apache.commons.compress.archivers.jar.JarArchiveOutputStream;org.apache.commons.compress.archivers.tar.TarArchiveEntry;org.apache.commons.compress.archivers.tar.TarArchiveInputStream;org.apache.commons.compress.archivers.tar.TarArchiveOutputStream;org.apache.commons.compress.archivers.tar.TarBuffer;org.apache.commons.compress.archivers.tar.TarConstants;org.apache.commons.compress.archivers.tar.TarUtils;org.apache.commons.compress.archivers.zip.ZipArchiveInputStream;org.apache.commons.compress.archivers.zip.ZipArchiveOutputStream","org.apache.commons.compress.AbstractTestCase;org.apache.commons.compress.archivers.TarTestCase"
13,"org.apache.commons.compress.archivers.ArchiveEntry;org.apache.commons.compress.archivers.ArchiveInputStream;org.apache.commons.compress.archivers.ArchiveOutputStream;org.apache.commons.compress.archivers.zip.AbstractUnicodeExtraField;org.apache.commons.compress.archivers.zip.AsiExtraField;org.apache.commons.compress.archivers.zip.ExtraFieldUtils;org.apache.commons.compress.archivers.zip.FallbackZipEncoding;org.apache.commons.compress.archivers.zip.GeneralPurposeBit;org.apache.commons.compress.archivers.zip.JarMarker;org.apache.commons.compress.archivers.zip.UnicodeCommentExtraField;org.apache.commons.compress.archivers.zip.UnicodePathExtraField;org.apache.commons.compress.archivers.zip.UnixStat;org.apache.commons.compress.archivers.zip.UnparseableExtraFieldData;org.apache.commons.compress.archivers.zip.UnrecognizedExtraField;org.apache.commons.compress.archivers.zip.UnsupportedZipFeatureException;org.apache.commons.compress.archivers.zip.Zip64ExtendedInformationExtraField;org.apache.commons.compress.archivers.zip.Zip64RequiredException;org.apache.commons.compress.archivers.zip.ZipArchiveEntry;org.apache.commons.compress.archivers.zip.ZipArchiveInputStream;org.apache.commons.compress.archivers.zip.ZipArchiveOutputStream;org.apache.commons.compress.archivers.zip.ZipEightByteInteger;org.apache.commons.compress.archivers.zip.ZipEncoding;org.apache.commons.compress.archivers.zip.ZipEncodingHelper;org.apache.commons.compress.archivers.zip.ZipExtraField;org.apache.commons.compress.archivers.zip.ZipFile;org.apache.commons.compress.archivers.zip.ZipLong;org.apache.commons.compress.archivers.zip.ZipShort;org.apache.commons.compress.archivers.zip.ZipUtil","org.apache.commons.compress.archivers.zip.ZipArchiveInputStreamTest;org.apache.commons.compress.archivers.zip.ZipFileTest"
14,"org.apache.commons.compress.archivers.ArchiveEntry;org.apache.commons.compress.archivers.ArchiveInputStream;org.apache.commons.compress.archivers.tar.TarArchiveEntry;org.apache.commons.compress.archivers.tar.TarArchiveInputStream;org.apache.commons.compress.archivers.tar.TarBuffer;org.apache.commons.compress.archivers.tar.TarConstants;org.apache.commons.compress.archivers.tar.TarUtils","org.apache.commons.compress.archivers.tar.TarArchiveInputStreamTest"
15,"org.apache.commons.compress.archivers.ArchiveEntry;org.apache.commons.compress.archivers.zip.AbstractUnicodeExtraField;org.apache.commons.compress.archivers.zip.AsiExtraField;org.apache.commons.compress.archivers.zip.ExtraFieldUtils;org.apache.commons.compress.archivers.zip.GeneralPurposeBit;org.apache.commons.compress.archivers.zip.JarMarker;org.apache.commons.compress.archivers.zip.UnicodeCommentExtraField;org.apache.commons.compress.archivers.zip.UnicodePathExtraField;org.apache.commons.compress.archivers.zip.UnixStat;org.apache.commons.compress.archivers.zip.UnparseableExtraFieldData;org.apache.commons.compress.archivers.zip.Zip64ExtendedInformationExtraField;org.apache.commons.compress.archivers.zip.ZipArchiveEntry;org.apache.commons.compress.archivers.zip.ZipEightByteInteger;org.apache.commons.compress.archivers.zip.ZipExtraField;org.apache.commons.compress.archivers.zip.ZipLong;org.apache.commons.compress.archivers.zip.ZipShort","org.apache.commons.compress.archivers.zip.ZipArchiveEntryTest"
16,"org.apache.commons.compress.archivers.ar.ArArchiveInputStream;org.apache.commons.compress.archivers.ar.ArArchiveOutputStream;org.apache.commons.compress.archivers.ArchiveEntry;org.apache.commons.compress.archivers.ArchiveException;org.apache.commons.compress.archivers.ArchiveInputStream;org.apache.commons.compress.archivers.ArchiveOutputStream;org.apache.commons.compress.archivers.ArchiveStreamFactory;org.apache.commons.compress.archivers.cpio.CpioArchiveInputStream;org.apache.commons.compress.archivers.cpio.CpioArchiveOutputStream;org.apache.commons.compress.archivers.cpio.CpioConstants;org.apache.commons.compress.archivers.dump.DumpArchiveException;org.apache.commons.compress.archivers.dump.DumpArchiveInputStream;org.apache.commons.compress.archivers.dump.DumpArchiveUtil;org.apache.commons.compress.archivers.dump.InvalidFormatException;org.apache.commons.compress.archivers.dump.UnrecognizedFormatException;org.apache.commons.compress.archivers.jar.JarArchiveInputStream;org.apache.commons.compress.archivers.jar.JarArchiveOutputStream;org.apache.commons.compress.archivers.tar.TarArchiveEntry;org.apache.commons.compress.archivers.tar.TarArchiveInputStream;org.apache.commons.compress.archivers.tar.TarArchiveOutputStream;org.apache.commons.compress.archivers.tar.TarBuffer;org.apache.commons.compress.archivers.tar.TarConstants;org.apache.commons.compress.archivers.tar.TarUtils;org.apache.commons.compress.archivers.zip.FallbackZipEncoding;org.apache.commons.compress.archivers.zip.UnsupportedZipFeatureException;org.apache.commons.compress.archivers.zip.Zip64RequiredException;org.apache.commons.compress.archivers.zip.ZipArchiveInputStream;org.apache.commons.compress.archivers.zip.ZipArchiveOutputStream;org.apache.commons.compress.archivers.zip.ZipEncoding;org.apache.commons.compress.archivers.zip.ZipEncodingHelper;org.apache.commons.compress.archivers.zip.ZipExtraField;org.apache.commons.compress.archivers.zip.ZipLong;org.apache.commons.compress.utils.ArchiveUtils","org.apache.commons.compress.archivers.ArchiveStreamFactoryTest"
17,"org.apache.commons.compress.archivers.ArchiveEntry;org.apache.commons.compress.archivers.ArchiveInputStream;org.apache.commons.compress.archivers.tar.TarArchiveEntry;org.apache.commons.compress.archivers.tar.TarArchiveInputStream;org.apache.commons.compress.archivers.tar.TarBuffer;org.apache.commons.compress.archivers.tar.TarConstants;org.apache.commons.compress.archivers.tar.TarUtils;org.apache.commons.compress.archivers.zip.FallbackZipEncoding;org.apache.commons.compress.archivers.zip.ZipEncoding;org.apache.commons.compress.archivers.zip.ZipEncodingHelper;org.apache.commons.compress.utils.ArchiveUtils","org.apache.commons.compress.archivers.tar.TarArchiveInputStreamTest"
18,"org.apache.commons.compress.archivers.ar.ArArchiveInputStream;org.apache.commons.compress.archivers.ar.ArArchiveOutputStream;org.apache.commons.compress.archivers.ArchiveEntry;org.apache.commons.compress.archivers.ArchiveException;org.apache.commons.compress.archivers.ArchiveInputStream;org.apache.commons.compress.archivers.ArchiveOutputStream;org.apache.commons.compress.archivers.ArchiveStreamFactory;org.apache.commons.compress.archivers.cpio.CpioArchiveInputStream;org.apache.commons.compress.archivers.cpio.CpioArchiveOutputStream;org.apache.commons.compress.archivers.cpio.CpioConstants;org.apache.commons.compress.archivers.dump.DumpArchiveInputStream;org.apache.commons.compress.archivers.jar.JarArchiveInputStream;org.apache.commons.compress.archivers.jar.JarArchiveOutputStream;org.apache.commons.compress.archivers.tar.TarArchiveEntry;org.apache.commons.compress.archivers.tar.TarArchiveInputStream;org.apache.commons.compress.archivers.tar.TarArchiveOutputStream;org.apache.commons.compress.archivers.tar.TarBuffer;org.apache.commons.compress.archivers.tar.TarConstants;org.apache.commons.compress.archivers.tar.TarUtils;org.apache.commons.compress.archivers.zip.FallbackZipEncoding;org.apache.commons.compress.archivers.zip.NioZipEncoding;org.apache.commons.compress.archivers.zip.ZipArchiveInputStream;org.apache.commons.compress.archivers.zip.ZipArchiveOutputStream;org.apache.commons.compress.archivers.zip.ZipEncoding;org.apache.commons.compress.archivers.zip.ZipEncodingHelper;org.apache.commons.compress.utils.ArchiveUtils;org.apache.commons.compress.utils.CountingOutputStream","org.apache.commons.compress.AbstractTestCase;org.apache.commons.compress.archivers.tar.TarArchiveOutputStreamTest"
19,"org.apache.commons.compress.archivers.ArchiveEntry;org.apache.commons.compress.archivers.ArchiveInputStream;org.apache.commons.compress.archivers.ArchiveOutputStream;org.apache.commons.compress.archivers.zip.AbstractUnicodeExtraField;org.apache.commons.compress.archivers.zip.AsiExtraField;org.apache.commons.compress.archivers.zip.ExtraFieldUtils;org.apache.commons.compress.archivers.zip.FallbackZipEncoding;org.apache.commons.compress.archivers.zip.GeneralPurposeBit;org.apache.commons.compress.archivers.zip.JarMarker;org.apache.commons.compress.archivers.zip.UnicodeCommentExtraField;org.apache.commons.compress.archivers.zip.UnicodePathExtraField;org.apache.commons.compress.archivers.zip.UnixStat;org.apache.commons.compress.archivers.zip.UnparseableExtraFieldData;org.apache.commons.compress.archivers.zip.UnrecognizedExtraField;org.apache.commons.compress.archivers.zip.UnsupportedZipFeatureException;org.apache.commons.compress.archivers.zip.X5455_ExtendedTimestamp;org.apache.commons.compress.archivers.zip.X7875_NewUnix;org.apache.commons.compress.archivers.zip.Zip64ExtendedInformationExtraField;org.apache.commons.compress.archivers.zip.Zip64RequiredException;org.apache.commons.compress.archivers.zip.ZipArchiveEntry;org.apache.commons.compress.archivers.zip.ZipArchiveOutputStream;org.apache.commons.compress.archivers.zip.ZipEightByteInteger;org.apache.commons.compress.archivers.zip.ZipEncoding;org.apache.commons.compress.archivers.zip.ZipEncodingHelper;org.apache.commons.compress.archivers.zip.ZipExtraField;org.apache.commons.compress.archivers.zip.ZipFile;org.apache.commons.compress.archivers.zip.ZipLong;org.apache.commons.compress.archivers.zip.ZipShort;org.apache.commons.compress.archivers.zip.ZipUtil","org.apache.commons.compress.AbstractTestCase;org.apache.commons.compress.archivers.zip.ZipFileTest"
20,"org.apache.commons.compress.archivers.ar.ArArchiveInputStream;org.apache.commons.compress.archivers.ar.ArArchiveOutputStream;org.apache.commons.compress.archivers.ArchiveEntry;org.apache.commons.compress.archivers.ArchiveException;org.apache.commons.compress.archivers.ArchiveInputStream;org.apache.commons.compress.archivers.ArchiveOutputStream;org.apache.commons.compress.archivers.ArchiveStreamFactory;org.apache.commons.compress.archivers.arj.ArjArchiveInputStream;org.apache.commons.compress.archivers.cpio.CpioArchiveEntry;org.apache.commons.compress.archivers.cpio.CpioArchiveInputStream;org.apache.commons.compress.archivers.cpio.CpioArchiveOutputStream;org.apache.commons.compress.archivers.cpio.CpioConstants;org.apache.commons.compress.archivers.cpio.CpioUtil;org.apache.commons.compress.archivers.dump.DumpArchiveInputStream;org.apache.commons.compress.archivers.jar.JarArchiveInputStream;org.apache.commons.compress.archivers.jar.JarArchiveOutputStream;org.apache.commons.compress.archivers.tar.TarArchiveInputStream;org.apache.commons.compress.archivers.tar.TarArchiveOutputStream;org.apache.commons.compress.archivers.zip.ZipArchiveInputStream;org.apache.commons.compress.archivers.zip.ZipArchiveOutputStream;org.apache.commons.compress.utils.ArchiveUtils","org.apache.commons.compress.AbstractTestCase;org.apache.commons.compress.archivers.cpio.CpioArchiveInputStreamTest"
21,"org.apache.commons.compress.archivers.ar.ArArchiveInputStream;org.apache.commons.compress.archivers.ar.ArArchiveOutputStream;org.apache.commons.compress.archivers.ArchiveEntry;org.apache.commons.compress.archivers.ArchiveException;org.apache.commons.compress.archivers.ArchiveInputStream;org.apache.commons.compress.archivers.ArchiveOutputStream;org.apache.commons.compress.archivers.ArchiveStreamFactory;org.apache.commons.compress.archivers.arj.ArjArchiveInputStream;org.apache.commons.compress.archivers.cpio.CpioArchiveInputStream;org.apache.commons.compress.archivers.cpio.CpioArchiveOutputStream;org.apache.commons.compress.archivers.cpio.CpioConstants;org.apache.commons.compress.archivers.dump.DumpArchiveInputStream;org.apache.commons.compress.archivers.jar.JarArchiveInputStream;org.apache.commons.compress.archivers.jar.JarArchiveOutputStream;org.apache.commons.compress.archivers.sevenz.Archive;org.apache.commons.compress.archivers.sevenz.BindPair;org.apache.commons.compress.archivers.sevenz.BoundedRandomAccessFileInputStream;org.apache.commons.compress.archivers.sevenz.Coder;org.apache.commons.compress.archivers.sevenz.Coders;org.apache.commons.compress.archivers.sevenz.Folder;org.apache.commons.compress.archivers.sevenz.LZMA2Decoder;org.apache.commons.compress.archivers.sevenz.SevenZArchiveEntry;org.apache.commons.compress.archivers.sevenz.SevenZFile;org.apache.commons.compress.archivers.sevenz.SevenZMethod;org.apache.commons.compress.archivers.sevenz.SevenZOutputFile;org.apache.commons.compress.archivers.sevenz.StartHeader;org.apache.commons.compress.archivers.sevenz.StreamMap;org.apache.commons.compress.archivers.sevenz.SubStreamsInfo;org.apache.commons.compress.archivers.tar.TarArchiveInputStream;org.apache.commons.compress.archivers.tar.TarArchiveOutputStream;org.apache.commons.compress.archivers.zip.ZipArchiveInputStream;org.apache.commons.compress.archivers.zip.ZipArchiveOutputStream;org.apache.commons.compress.compressors.bzip2.BZip2CompressorInputStream;org.apache.commons.compress.compressors.bzip2.BZip2CompressorOutputStream;org.apache.commons.compress.compressors.bzip2.BZip2Constants;org.apache.commons.compress.compressors.CompressorInputStream;org.apache.commons.compress.compressors.CompressorOutputStream;org.apache.commons.compress.utils.BoundedInputStream;org.apache.commons.compress.utils.ChecksumVerifyingInputStream;org.apache.commons.compress.utils.CountingOutputStream;org.apache.commons.compress.utils.CRC32VerifyingInputStream","org.apache.commons.compress.AbstractTestCase;org.apache.commons.compress.archivers.sevenz.SevenZOutputFileTest"
22,"org.apache.commons.compress.compressors.bzip2.BlockSort;org.apache.commons.compress.compressors.bzip2.BZip2CompressorInputStream;org.apache.commons.compress.compressors.bzip2.BZip2CompressorOutputStream;org.apache.commons.compress.compressors.bzip2.BZip2Constants;org.apache.commons.compress.compressors.bzip2.CRC;org.apache.commons.compress.compressors.CompressorInputStream;org.apache.commons.compress.compressors.CompressorOutputStream","org.apache.commons.compress.compressors.bzip2.PythonTruncatedBzip2Test"
23,"org.apache.commons.compress.archivers.ar.ArArchiveInputStream;org.apache.commons.compress.archivers.ar.ArArchiveOutputStream;org.apache.commons.compress.archivers.ArchiveEntry;org.apache.commons.compress.archivers.ArchiveException;org.apache.commons.compress.archivers.ArchiveInputStream;org.apache.commons.compress.archivers.ArchiveOutputStream;org.apache.commons.compress.archivers.ArchiveStreamFactory;org.apache.commons.compress.archivers.arj.ArjArchiveInputStream;org.apache.commons.compress.archivers.cpio.CpioArchiveInputStream;org.apache.commons.compress.archivers.cpio.CpioArchiveOutputStream;org.apache.commons.compress.archivers.cpio.CpioConstants;org.apache.commons.compress.archivers.dump.DumpArchiveInputStream;org.apache.commons.compress.archivers.jar.JarArchiveInputStream;org.apache.commons.compress.archivers.jar.JarArchiveOutputStream;org.apache.commons.compress.archivers.sevenz.Archive;org.apache.commons.compress.archivers.sevenz.BindPair;org.apache.commons.compress.archivers.sevenz.BoundedRandomAccessFileInputStream;org.apache.commons.compress.archivers.sevenz.Coder;org.apache.commons.compress.archivers.sevenz.Coders;org.apache.commons.compress.archivers.sevenz.Folder;org.apache.commons.compress.archivers.sevenz.LZMA2Decoder;org.apache.commons.compress.archivers.sevenz.SevenZArchiveEntry;org.apache.commons.compress.archivers.sevenz.SevenZFile;org.apache.commons.compress.archivers.sevenz.SevenZMethod;org.apache.commons.compress.archivers.sevenz.StartHeader;org.apache.commons.compress.archivers.sevenz.StreamMap;org.apache.commons.compress.archivers.sevenz.SubStreamsInfo;org.apache.commons.compress.archivers.tar.TarArchiveInputStream;org.apache.commons.compress.archivers.tar.TarArchiveOutputStream;org.apache.commons.compress.archivers.zip.ZipArchiveInputStream;org.apache.commons.compress.archivers.zip.ZipArchiveOutputStream;org.apache.commons.compress.compressors.bzip2.BZip2CompressorInputStream;org.apache.commons.compress.compressors.bzip2.BZip2CompressorOutputStream;org.apache.commons.compress.compressors.bzip2.BZip2Constants;org.apache.commons.compress.compressors.CompressorInputStream;org.apache.commons.compress.compressors.CompressorOutputStream;org.apache.commons.compress.utils.BoundedInputStream;org.apache.commons.compress.utils.ChecksumVerifyingInputStream;org.apache.commons.compress.utils.CRC32VerifyingInputStream;org.apache.commons.compress.utils.IOUtils","org.apache.commons.compress.AbstractTestCase;org.apache.commons.compress.archivers.sevenz.SevenZFileTest"
24,"org.apache.commons.compress.archivers.tar.TarUtils;org.apache.commons.compress.archivers.zip.FallbackZipEncoding;org.apache.commons.compress.archivers.zip.ZipEncoding;org.apache.commons.compress.archivers.zip.ZipEncodingHelper;org.apache.commons.compress.utils.Charsets","org.apache.commons.compress.archivers.tar.TarUtilsTest"
25,"org.apache.commons.compress.archivers.ArchiveEntry;org.apache.commons.compress.archivers.ArchiveInputStream;org.apache.commons.compress.archivers.ArchiveOutputStream;org.apache.commons.compress.archivers.zip.AbstractUnicodeExtraField;org.apache.commons.compress.archivers.zip.AsiExtraField;org.apache.commons.compress.archivers.zip.ExplodingInputStream;org.apache.commons.compress.archivers.zip.ExtraFieldUtils;org.apache.commons.compress.archivers.zip.FallbackZipEncoding;org.apache.commons.compress.archivers.zip.GeneralPurposeBit;org.apache.commons.compress.archivers.zip.JarMarker;org.apache.commons.compress.archivers.zip.UnicodeCommentExtraField;org.apache.commons.compress.archivers.zip.UnicodePathExtraField;org.apache.commons.compress.archivers.zip.UnixStat;org.apache.commons.compress.archivers.zip.UnparseableExtraFieldData;org.apache.commons.compress.archivers.zip.UnshrinkingInputStream;org.apache.commons.compress.archivers.zip.UnsupportedZipFeatureException;org.apache.commons.compress.archivers.zip.X5455_ExtendedTimestamp;org.apache.commons.compress.archivers.zip.X7875_NewUnix;org.apache.commons.compress.archivers.zip.Zip64ExtendedInformationExtraField;org.apache.commons.compress.archivers.zip.ZipArchiveEntry;org.apache.commons.compress.archivers.zip.ZipArchiveInputStream;org.apache.commons.compress.archivers.zip.ZipEightByteInteger;org.apache.commons.compress.archivers.zip.ZipEncoding;org.apache.commons.compress.archivers.zip.ZipEncodingHelper;org.apache.commons.compress.archivers.zip.ZipExtraField;org.apache.commons.compress.archivers.zip.ZipLong;org.apache.commons.compress.archivers.zip.ZipMethod;org.apache.commons.compress.archivers.zip.ZipShort;org.apache.commons.compress.archivers.zip.ZipUtil;org.apache.commons.compress.compressors.CompressorInputStream;org.apache.commons.compress.compressors.z._internal_.InternalLZWInputStream;org.apache.commons.compress.utils.Charsets;org.apache.commons.compress.utils.IOUtils","org.apache.commons.compress.AbstractTestCase;org.apache.commons.compress.archivers.zip.ZipArchiveInputStreamTest"
26,"org.apache.commons.compress.utils.IOUtils","org.apache.commons.compress.utils.IOUtilsTest"
27,"org.apache.commons.compress.archivers.tar.TarUtils;org.apache.commons.compress.archivers.zip.FallbackZipEncoding;org.apache.commons.compress.archivers.zip.ZipEncoding;org.apache.commons.compress.archivers.zip.ZipEncodingHelper;org.apache.commons.compress.utils.Charsets","org.apache.commons.compress.archivers.tar.TarUtilsTest"
28,"org.apache.commons.compress.archivers.ArchiveEntry;org.apache.commons.compress.archivers.ArchiveInputStream;org.apache.commons.compress.archivers.ArchiveOutputStream;org.apache.commons.compress.archivers.tar.TarArchiveEntry;org.apache.commons.compress.archivers.tar.TarArchiveInputStream;org.apache.commons.compress.archivers.tar.TarConstants;org.apache.commons.compress.archivers.tar.TarUtils;org.apache.commons.compress.archivers.zip.FallbackZipEncoding;org.apache.commons.compress.archivers.zip.ZipEncoding;org.apache.commons.compress.archivers.zip.ZipEncodingHelper;org.apache.commons.compress.utils.ArchiveUtils;org.apache.commons.compress.utils.Charsets;org.apache.commons.compress.utils.IOUtils","org.apache.commons.compress.AbstractTestCase;org.apache.commons.compress.archivers.tar.TarArchiveInputStreamTest"
29,"org.apache.commons.compress.archivers.ar.ArArchiveInputStream;org.apache.commons.compress.archivers.ar.ArArchiveOutputStream;org.apache.commons.compress.archivers.ArchiveEntry;org.apache.commons.compress.archivers.ArchiveException;org.apache.commons.compress.archivers.ArchiveInputStream;org.apache.commons.compress.archivers.ArchiveOutputStream;org.apache.commons.compress.archivers.ArchiveStreamFactory;org.apache.commons.compress.archivers.arj.ArjArchiveInputStream;org.apache.commons.compress.archivers.arj.LocalFileHeader;org.apache.commons.compress.archivers.arj.MainHeader;org.apache.commons.compress.archivers.cpio.CpioArchiveEntry;org.apache.commons.compress.archivers.cpio.CpioArchiveInputStream;org.apache.commons.compress.archivers.cpio.CpioArchiveOutputStream;org.apache.commons.compress.archivers.cpio.CpioConstants;org.apache.commons.compress.archivers.dump.Dirent;org.apache.commons.compress.archivers.dump.DumpArchiveConstants;org.apache.commons.compress.archivers.dump.DumpArchiveEntry;org.apache.commons.compress.archivers.dump.DumpArchiveException;org.apache.commons.compress.archivers.dump.DumpArchiveInputStream;org.apache.commons.compress.archivers.dump.DumpArchiveSummary;org.apache.commons.compress.archivers.dump.DumpArchiveUtil;org.apache.commons.compress.archivers.dump.InvalidFormatException;org.apache.commons.compress.archivers.dump.ShortFileException;org.apache.commons.compress.archivers.dump.TapeInputStream;org.apache.commons.compress.archivers.dump.UnrecognizedFormatException;org.apache.commons.compress.archivers.dump.UnsupportedCompressionAlgorithmException;org.apache.commons.compress.archivers.jar.JarArchiveInputStream;org.apache.commons.compress.archivers.jar.JarArchiveOutputStream;org.apache.commons.compress.archivers.sevenz.BoundedRandomAccessFileInputStream;org.apache.commons.compress.archivers.sevenz.SevenZFile;org.apache.commons.compress.archivers.StreamingNotSupportedException;org.apache.commons.compress.archivers.tar.TarArchiveEntry;org.apache.commons.compress.archivers.tar.TarArchiveInputStream;org.apache.commons.compress.archivers.tar.TarArchiveOutputStream;org.apache.commons.compress.archivers.tar.TarConstants;org.apache.commons.compress.archivers.zip.ExplodingInputStream;org.apache.commons.compress.archivers.zip.FallbackZipEncoding;org.apache.commons.compress.archivers.zip.NioZipEncoding;org.apache.commons.compress.archivers.zip.StreamCompressor;org.apache.commons.compress.archivers.zip.UnshrinkingInputStream;org.apache.commons.compress.archivers.zip.UnsupportedZipFeatureException;org.apache.commons.compress.archivers.zip.Zip64Mode;org.apache.commons.compress.archivers.zip.Zip64RequiredException;org.apache.commons.compress.archivers.zip.ZipArchiveInputStream;org.apache.commons.compress.archivers.zip.ZipArchiveOutputStream;org.apache.commons.compress.archivers.zip.ZipEncoding;org.apache.commons.compress.archivers.zip.ZipEncodingHelper;org.apache.commons.compress.archivers.zip.ZipExtraField;org.apache.commons.compress.archivers.zip.ZipLong;org.apache.commons.compress.compressors.CompressorInputStream;org.apache.commons.compress.compressors.lzw.LZWInputStream;org.apache.commons.compress.utils.ArchiveUtils;org.apache.commons.compress.utils.BoundedInputStream;org.apache.commons.compress.utils.Charsets;org.apache.commons.compress.utils.ChecksumVerifyingInputStream;org.apache.commons.compress.utils.CountingOutputStream;org.apache.commons.compress.utils.CRC32VerifyingInputStream;org.apache.commons.compress.utils.IOUtils","org.apache.commons.compress.AbstractTestCase;org.apache.commons.compress.archivers.ArchiveStreamFactoryTest"
30,"org.apache.commons.compress.compressors.bzip2.BlockSort;org.apache.commons.compress.compressors.bzip2.BZip2CompressorInputStream;org.apache.commons.compress.compressors.bzip2.BZip2CompressorOutputStream;org.apache.commons.compress.compressors.bzip2.BZip2Constants;org.apache.commons.compress.compressors.bzip2.CRC;org.apache.commons.compress.compressors.CompressorInputStream;org.apache.commons.compress.compressors.CompressorOutputStream","org.apache.commons.compress.compressors.bzip2.BZip2CompressorInputStreamTest"
31,"org.apache.commons.compress.archivers.ar.ArArchiveInputStream;org.apache.commons.compress.archivers.ar.ArArchiveOutputStream;org.apache.commons.compress.archivers.ArchiveEntry;org.apache.commons.compress.archivers.ArchiveException;org.apache.commons.compress.archivers.ArchiveInputStream;org.apache.commons.compress.archivers.ArchiveOutputStream;org.apache.commons.compress.archivers.ArchiveStreamFactory;org.apache.commons.compress.archivers.arj.ArjArchiveInputStream;org.apache.commons.compress.archivers.cpio.CpioArchiveInputStream;org.apache.commons.compress.archivers.cpio.CpioArchiveOutputStream;org.apache.commons.compress.archivers.cpio.CpioConstants;org.apache.commons.compress.archivers.dump.DumpArchiveInputStream;org.apache.commons.compress.archivers.jar.JarArchiveInputStream;org.apache.commons.compress.archivers.jar.JarArchiveOutputStream;org.apache.commons.compress.archivers.StreamingNotSupportedException;org.apache.commons.compress.archivers.tar.TarArchiveEntry;org.apache.commons.compress.archivers.tar.TarArchiveInputStream;org.apache.commons.compress.archivers.tar.TarArchiveOutputStream;org.apache.commons.compress.archivers.tar.TarConstants;org.apache.commons.compress.archivers.tar.TarUtils;org.apache.commons.compress.archivers.zip.FallbackZipEncoding;org.apache.commons.compress.archivers.zip.ZipArchiveInputStream;org.apache.commons.compress.archivers.zip.ZipArchiveOutputStream;org.apache.commons.compress.archivers.zip.ZipEncoding;org.apache.commons.compress.archivers.zip.ZipEncodingHelper;org.apache.commons.compress.utils.ArchiveUtils;org.apache.commons.compress.utils.Charsets;org.apache.commons.compress.utils.IOUtils","org.apache.commons.compress.AbstractTestCase;org.apache.commons.compress.archivers.tar.TarUtilsTest;org.apache.commons.compress.archivers.TarTestCase"
32,"org.apache.commons.compress.archivers.ArchiveEntry;org.apache.commons.compress.archivers.ArchiveInputStream;org.apache.commons.compress.archivers.ArchiveOutputStream;org.apache.commons.compress.archivers.tar.TarArchiveEntry;org.apache.commons.compress.archivers.tar.TarArchiveInputStream;org.apache.commons.compress.archivers.tar.TarArchiveOutputStream;org.apache.commons.compress.archivers.tar.TarConstants;org.apache.commons.compress.archivers.tar.TarUtils;org.apache.commons.compress.archivers.zip.FallbackZipEncoding;org.apache.commons.compress.archivers.zip.NioZipEncoding;org.apache.commons.compress.archivers.zip.ZipEncoding;org.apache.commons.compress.archivers.zip.ZipEncodingHelper;org.apache.commons.compress.utils.ArchiveUtils;org.apache.commons.compress.utils.Charsets;org.apache.commons.compress.utils.CountingOutputStream;org.apache.commons.compress.utils.IOUtils","org.apache.commons.compress.archivers.tar.TarArchiveInputStreamTest"
33,"org.apache.commons.compress.archivers.ArchiveInputStream;org.apache.commons.compress.archivers.ArchiveOutputStream;org.apache.commons.compress.compressors.bzip2.BZip2CompressorInputStream;org.apache.commons.compress.compressors.bzip2.BZip2CompressorOutputStream;org.apache.commons.compress.compressors.bzip2.BZip2Constants;org.apache.commons.compress.compressors.bzip2.CRC;org.apache.commons.compress.compressors.CompressorException;org.apache.commons.compress.compressors.CompressorInputStream;org.apache.commons.compress.compressors.CompressorOutputStream;org.apache.commons.compress.compressors.CompressorStreamFactory;org.apache.commons.compress.compressors.deflate.DeflateCompressorInputStream;org.apache.commons.compress.compressors.deflate.DeflateCompressorOutputStream;org.apache.commons.compress.compressors.deflate.DeflateParameters;org.apache.commons.compress.compressors.FileNameUtil;org.apache.commons.compress.compressors.gzip.GzipCompressorInputStream;org.apache.commons.compress.compressors.gzip.GzipCompressorOutputStream;org.apache.commons.compress.compressors.gzip.GzipParameters;org.apache.commons.compress.compressors.lzma.LZMACompressorInputStream;org.apache.commons.compress.compressors.lzma.LZMAUtils;org.apache.commons.compress.compressors.lzw.LZWInputStream;org.apache.commons.compress.compressors.pack200.InMemoryCachingStreamBridge;org.apache.commons.compress.compressors.pack200.Pack200CompressorInputStream;org.apache.commons.compress.compressors.pack200.Pack200CompressorOutputStream;org.apache.commons.compress.compressors.pack200.Pack200Strategy;org.apache.commons.compress.compressors.pack200.StreamBridge;org.apache.commons.compress.compressors.pack200.TempFileCachingStreamBridge;org.apache.commons.compress.compressors.snappy.FramedSnappyCompressorInputStream;org.apache.commons.compress.compressors.snappy.SnappyCompressorInputStream;org.apache.commons.compress.compressors.xz.XZCompressorInputStream;org.apache.commons.compress.compressors.xz.XZCompressorOutputStream;org.apache.commons.compress.compressors.xz.XZUtils;org.apache.commons.compress.compressors.z.ZCompressorInputStream;org.apache.commons.compress.utils.BoundedInputStream;org.apache.commons.compress.utils.IOUtils","org.apache.commons.compress.AbstractTestCase;org.apache.commons.compress.compressors.DetectCompressorTestCase"
34,"org.apache.commons.compress.archivers.zip.AbstractUnicodeExtraField;org.apache.commons.compress.archivers.zip.UnicodeCommentExtraField;org.apache.commons.compress.archivers.zip.UnicodePathExtraField;org.apache.commons.compress.archivers.zip.UnsupportedZipFeatureException;org.apache.commons.compress.archivers.zip.X7875_NewUnix;org.apache.commons.compress.archivers.zip.ZipExtraField;org.apache.commons.compress.archivers.zip.ZipLong;org.apache.commons.compress.archivers.zip.ZipShort;org.apache.commons.compress.archivers.zip.ZipUtil","org.apache.commons.compress.archivers.zip.X7875_NewUnixTest"
35,"org.apache.commons.compress.archivers.ar.ArArchiveInputStream;org.apache.commons.compress.archivers.ar.ArArchiveOutputStream;org.apache.commons.compress.archivers.ArchiveEntry;org.apache.commons.compress.archivers.ArchiveException;org.apache.commons.compress.archivers.ArchiveInputStream;org.apache.commons.compress.archivers.ArchiveOutputStream;org.apache.commons.compress.archivers.ArchiveStreamFactory;org.apache.commons.compress.archivers.arj.ArjArchiveInputStream;org.apache.commons.compress.archivers.cpio.CpioArchiveInputStream;org.apache.commons.compress.archivers.cpio.CpioArchiveOutputStream;org.apache.commons.compress.archivers.cpio.CpioConstants;org.apache.commons.compress.archivers.dump.DumpArchiveException;org.apache.commons.compress.archivers.dump.DumpArchiveInputStream;org.apache.commons.compress.archivers.dump.DumpArchiveUtil;org.apache.commons.compress.archivers.dump.InvalidFormatException;org.apache.commons.compress.archivers.dump.UnrecognizedFormatException;org.apache.commons.compress.archivers.jar.JarArchiveInputStream;org.apache.commons.compress.archivers.jar.JarArchiveOutputStream;org.apache.commons.compress.archivers.sevenz.BoundedRandomAccessFileInputStream;org.apache.commons.compress.archivers.sevenz.SevenZFile;org.apache.commons.compress.archivers.StreamingNotSupportedException;org.apache.commons.compress.archivers.tar.TarArchiveEntry;org.apache.commons.compress.archivers.tar.TarArchiveInputStream;org.apache.commons.compress.archivers.tar.TarArchiveOutputStream;org.apache.commons.compress.archivers.tar.TarConstants;org.apache.commons.compress.archivers.tar.TarUtils;org.apache.commons.compress.archivers.zip.ExplodingInputStream;org.apache.commons.compress.archivers.zip.FallbackZipEncoding;org.apache.commons.compress.archivers.zip.UnshrinkingInputStream;org.apache.commons.compress.archivers.zip.UnsupportedZipFeatureException;org.apache.commons.compress.archivers.zip.Zip64RequiredException;org.apache.commons.compress.archivers.zip.ZipArchiveInputStream;org.apache.commons.compress.archivers.zip.ZipArchiveOutputStream;org.apache.commons.compress.archivers.zip.ZipEncoding;org.apache.commons.compress.archivers.zip.ZipEncodingHelper;org.apache.commons.compress.archivers.zip.ZipExtraField;org.apache.commons.compress.archivers.zip.ZipLong;org.apache.commons.compress.compressors.bzip2.BZip2CompressorInputStream;org.apache.commons.compress.compressors.bzip2.BZip2Constants;org.apache.commons.compress.compressors.CompressorInputStream;org.apache.commons.compress.compressors.lzw.LZWInputStream;org.apache.commons.compress.utils.ArchiveUtils;org.apache.commons.compress.utils.BoundedInputStream;org.apache.commons.compress.utils.Charsets;org.apache.commons.compress.utils.ChecksumVerifyingInputStream;org.apache.commons.compress.utils.CRC32VerifyingInputStream;org.apache.commons.compress.utils.IOUtils","org.apache.commons.compress.AbstractTestCase;org.apache.commons.compress.DetectArchiverTestCase"
36,"org.apache.commons.compress.archivers.ar.ArArchiveInputStream;org.apache.commons.compress.archivers.ar.ArArchiveOutputStream;org.apache.commons.compress.archivers.ArchiveEntry;org.apache.commons.compress.archivers.ArchiveException;org.apache.commons.compress.archivers.ArchiveInputStream;org.apache.commons.compress.archivers.ArchiveOutputStream;org.apache.commons.compress.archivers.ArchiveStreamFactory;org.apache.commons.compress.archivers.arj.ArjArchiveInputStream;org.apache.commons.compress.archivers.cpio.CpioArchiveInputStream;org.apache.commons.compress.archivers.cpio.CpioArchiveOutputStream;org.apache.commons.compress.archivers.cpio.CpioConstants;org.apache.commons.compress.archivers.dump.DumpArchiveInputStream;org.apache.commons.compress.archivers.jar.JarArchiveInputStream;org.apache.commons.compress.archivers.jar.JarArchiveOutputStream;org.apache.commons.compress.archivers.sevenz.AES256SHA256Decoder;org.apache.commons.compress.archivers.sevenz.Archive;org.apache.commons.compress.archivers.sevenz.BindPair;org.apache.commons.compress.archivers.sevenz.BoundedRandomAccessFileInputStream;org.apache.commons.compress.archivers.sevenz.Coder;org.apache.commons.compress.archivers.sevenz.CoderBase;org.apache.commons.compress.archivers.sevenz.Coders;org.apache.commons.compress.archivers.sevenz.DeltaDecoder;org.apache.commons.compress.archivers.sevenz.Folder;org.apache.commons.compress.archivers.sevenz.LZMA2Decoder;org.apache.commons.compress.archivers.sevenz.SevenZArchiveEntry;org.apache.commons.compress.archivers.sevenz.SevenZFile;org.apache.commons.compress.archivers.sevenz.SevenZMethod;org.apache.commons.compress.archivers.sevenz.SevenZMethodConfiguration;org.apache.commons.compress.archivers.sevenz.StartHeader;org.apache.commons.compress.archivers.sevenz.StreamMap;org.apache.commons.compress.archivers.sevenz.SubStreamsInfo;org.apache.commons.compress.archivers.StreamingNotSupportedException;org.apache.commons.compress.archivers.tar.TarArchiveInputStream;org.apache.commons.compress.archivers.tar.TarArchiveOutputStream;org.apache.commons.compress.archivers.zip.ZipArchiveInputStream;org.apache.commons.compress.archivers.zip.ZipArchiveOutputStream;org.apache.commons.compress.compressors.bzip2.BZip2CompressorInputStream;org.apache.commons.compress.compressors.bzip2.BZip2CompressorOutputStream;org.apache.commons.compress.compressors.bzip2.BZip2Constants;org.apache.commons.compress.compressors.CompressorInputStream;org.apache.commons.compress.compressors.CompressorOutputStream;org.apache.commons.compress.PasswordRequiredException;org.apache.commons.compress.utils.BoundedInputStream;org.apache.commons.compress.utils.ChecksumVerifyingInputStream;org.apache.commons.compress.utils.CRC32VerifyingInputStream;org.apache.commons.compress.utils.IOUtils","org.apache.commons.compress.AbstractTestCase;org.apache.commons.compress.archivers.sevenz.SevenZFileTest"
37,"org.apache.commons.compress.archivers.ArchiveEntry;org.apache.commons.compress.archivers.ArchiveInputStream;org.apache.commons.compress.archivers.tar.TarArchiveEntry;org.apache.commons.compress.archivers.tar.TarArchiveInputStream;org.apache.commons.compress.archivers.tar.TarConstants;org.apache.commons.compress.archivers.tar.TarUtils;org.apache.commons.compress.archivers.zip.FallbackZipEncoding;org.apache.commons.compress.archivers.zip.ZipEncoding;org.apache.commons.compress.archivers.zip.ZipEncodingHelper;org.apache.commons.compress.utils.ArchiveUtils;org.apache.commons.compress.utils.Charsets;org.apache.commons.compress.utils.IOUtils","org.apache.commons.compress.archivers.tar.TarArchiveInputStreamTest"
38,"org.apache.commons.compress.archivers.ArchiveEntry;org.apache.commons.compress.archivers.ArchiveInputStream;org.apache.commons.compress.archivers.tar.TarArchiveEntry;org.apache.commons.compress.archivers.tar.TarArchiveInputStream;org.apache.commons.compress.archivers.tar.TarConstants;org.apache.commons.compress.archivers.tar.TarUtils;org.apache.commons.compress.archivers.zip.FallbackZipEncoding;org.apache.commons.compress.archivers.zip.ZipEncoding;org.apache.commons.compress.archivers.zip.ZipEncodingHelper;org.apache.commons.compress.utils.ArchiveUtils;org.apache.commons.compress.utils.Charsets;org.apache.commons.compress.utils.IOUtils","org.apache.commons.compress.archivers.tar.TarArchiveInputStreamTest"
39,"org.apache.commons.compress.archivers.ar.ArArchiveInputStream;org.apache.commons.compress.archivers.ar.ArArchiveOutputStream;org.apache.commons.compress.archivers.ArchiveEntry;org.apache.commons.compress.archivers.ArchiveException;org.apache.commons.compress.archivers.ArchiveInputStream;org.apache.commons.compress.archivers.ArchiveOutputStream;org.apache.commons.compress.archivers.ArchiveStreamFactory;org.apache.commons.compress.archivers.arj.ArjArchiveInputStream;org.apache.commons.compress.archivers.cpio.CpioArchiveInputStream;org.apache.commons.compress.archivers.cpio.CpioArchiveOutputStream;org.apache.commons.compress.archivers.cpio.CpioConstants;org.apache.commons.compress.archivers.dump.DumpArchiveInputStream;org.apache.commons.compress.archivers.jar.JarArchiveInputStream;org.apache.commons.compress.archivers.jar.JarArchiveOutputStream;org.apache.commons.compress.archivers.StreamingNotSupportedException;org.apache.commons.compress.archivers.tar.TarArchiveInputStream;org.apache.commons.compress.archivers.tar.TarArchiveOutputStream;org.apache.commons.compress.archivers.zip.ZipArchiveInputStream;org.apache.commons.compress.archivers.zip.ZipArchiveOutputStream;org.apache.commons.compress.utils.ArchiveUtils","org.apache.commons.compress.AbstractTestCase;org.apache.commons.compress.ArchiveUtilsTest"
40,"org.apache.commons.compress.utils.BitInputStream","org.apache.commons.compress.utils.BitInputStreamTest"
41,"org.apache.commons.compress.archivers.ar.ArArchiveInputStream;org.apache.commons.compress.archivers.ar.ArArchiveOutputStream;org.apache.commons.compress.archivers.ArchiveEntry;org.apache.commons.compress.archivers.ArchiveException;org.apache.commons.compress.archivers.ArchiveInputStream;org.apache.commons.compress.archivers.ArchiveOutputStream;org.apache.commons.compress.archivers.ArchiveStreamFactory;org.apache.commons.compress.archivers.ArchiveStreamProvider;org.apache.commons.compress.archivers.arj.ArjArchiveInputStream;org.apache.commons.compress.archivers.cpio.CpioArchiveInputStream;org.apache.commons.compress.archivers.cpio.CpioArchiveOutputStream;org.apache.commons.compress.archivers.cpio.CpioConstants;org.apache.commons.compress.archivers.dump.DumpArchiveInputStream;org.apache.commons.compress.archivers.jar.JarArchiveInputStream;org.apache.commons.compress.archivers.jar.JarArchiveOutputStream;org.apache.commons.compress.archivers.StreamingNotSupportedException;org.apache.commons.compress.archivers.tar.TarArchiveInputStream;org.apache.commons.compress.archivers.tar.TarArchiveOutputStream;org.apache.commons.compress.archivers.zip.AbstractUnicodeExtraField;org.apache.commons.compress.archivers.zip.AsiExtraField;org.apache.commons.compress.archivers.zip.ExplodingInputStream;org.apache.commons.compress.archivers.zip.ExtraFieldUtils;org.apache.commons.compress.archivers.zip.FallbackZipEncoding;org.apache.commons.compress.archivers.zip.GeneralPurposeBit;org.apache.commons.compress.archivers.zip.JarMarker;org.apache.commons.compress.archivers.zip.PKWareExtraHeader;org.apache.commons.compress.archivers.zip.UnicodeCommentExtraField;org.apache.commons.compress.archivers.zip.UnicodePathExtraField;org.apache.commons.compress.archivers.zip.UnixStat;org.apache.commons.compress.archivers.zip.UnparseableExtraFieldData;org.apache.commons.compress.archivers.zip.UnrecognizedExtraField;org.apache.commons.compress.archivers.zip.UnshrinkingInputStream;org.apache.commons.compress.archivers.zip.UnsupportedZipFeatureException;org.apache.commons.compress.archivers.zip.X000A_NTFS;org.apache.commons.compress.archivers.zip.X0014_X509Certificates;org.apache.commons.compress.archivers.zip.X0015_CertificateIdForFile;org.apache.commons.compress.archivers.zip.X0016_CertificateIdForCentralDirectory;org.apache.commons.compress.archivers.zip.X0017_StrongEncryptionHeader;org.apache.commons.compress.archivers.zip.X0019_EncryptionRecipientCertificateList;org.apache.commons.compress.archivers.zip.X5455_ExtendedTimestamp;org.apache.commons.compress.archivers.zip.X7875_NewUnix;org.apache.commons.compress.archivers.zip.Zip64ExtendedInformationExtraField;org.apache.commons.compress.archivers.zip.Zip64Mode;org.apache.commons.compress.archivers.zip.Zip64RequiredException;org.apache.commons.compress.archivers.zip.ZipArchiveEntry;org.apache.commons.compress.archivers.zip.ZipArchiveEntryPredicate;org.apache.commons.compress.archivers.zip.ZipArchiveInputStream;org.apache.commons.compress.archivers.zip.ZipArchiveOutputStream;org.apache.commons.compress.archivers.zip.ZipEightByteInteger;org.apache.commons.compress.archivers.zip.ZipEncoding;org.apache.commons.compress.archivers.zip.ZipEncodingHelper;org.apache.commons.compress.archivers.zip.ZipExtraField;org.apache.commons.compress.archivers.zip.ZipLong;org.apache.commons.compress.archivers.zip.ZipMethod;org.apache.commons.compress.archivers.zip.ZipShort;org.apache.commons.compress.archivers.zip.ZipUtil;org.apache.commons.compress.compressors.bzip2.BZip2CompressorInputStream;org.apache.commons.compress.compressors.bzip2.BZip2Constants;org.apache.commons.compress.compressors.CompressorInputStream;org.apache.commons.compress.compressors.lzw.LZWInputStream;org.apache.commons.compress.utils.Charsets;org.apache.commons.compress.utils.IOUtils","org.apache.commons.compress.AbstractTestCase;org.apache.commons.compress.archivers.zip.ZipArchiveInputStreamTest;org.apache.commons.compress.archivers.ZipTestCase"
42,"org.apache.commons.compress.archivers.ArchiveEntry;org.apache.commons.compress.archivers.ArchiveInputStream;org.apache.commons.compress.archivers.ArchiveOutputStream;org.apache.commons.compress.archivers.zip.AbstractUnicodeExtraField;org.apache.commons.compress.archivers.zip.AsiExtraField;org.apache.commons.compress.archivers.zip.ExplodingInputStream;org.apache.commons.compress.archivers.zip.ExtraFieldUtils;org.apache.commons.compress.archivers.zip.FallbackZipEncoding;org.apache.commons.compress.archivers.zip.GeneralPurposeBit;org.apache.commons.compress.archivers.zip.JarMarker;org.apache.commons.compress.archivers.zip.PKWareExtraHeader;org.apache.commons.compress.archivers.zip.UnicodeCommentExtraField;org.apache.commons.compress.archivers.zip.UnicodePathExtraField;org.apache.commons.compress.archivers.zip.UnixStat;org.apache.commons.compress.archivers.zip.UnshrinkingInputStream;org.apache.commons.compress.archivers.zip.UnsupportedZipFeatureException;org.apache.commons.compress.archivers.zip.X000A_NTFS;org.apache.commons.compress.archivers.zip.X0014_X509Certificates;org.apache.commons.compress.archivers.zip.X0015_CertificateIdForFile;org.apache.commons.compress.archivers.zip.X0016_CertificateIdForCentralDirectory;org.apache.commons.compress.archivers.zip.X0017_StrongEncryptionHeader;org.apache.commons.compress.archivers.zip.X0019_EncryptionRecipientCertificateList;org.apache.commons.compress.archivers.zip.X5455_ExtendedTimestamp;org.apache.commons.compress.archivers.zip.X7875_NewUnix;org.apache.commons.compress.archivers.zip.Zip64ExtendedInformationExtraField;org.apache.commons.compress.archivers.zip.Zip64RequiredException;org.apache.commons.compress.archivers.zip.ZipArchiveEntry;org.apache.commons.compress.archivers.zip.ZipArchiveOutputStream;org.apache.commons.compress.archivers.zip.ZipEightByteInteger;org.apache.commons.compress.archivers.zip.ZipEncoding;org.apache.commons.compress.archivers.zip.ZipEncodingHelper;org.apache.commons.compress.archivers.zip.ZipExtraField;org.apache.commons.compress.archivers.zip.ZipFile;org.apache.commons.compress.archivers.zip.ZipLong;org.apache.commons.compress.archivers.zip.ZipShort;org.apache.commons.compress.archivers.zip.ZipUtil;org.apache.commons.compress.compressors.bzip2.BZip2CompressorInputStream;org.apache.commons.compress.compressors.bzip2.BZip2Constants;org.apache.commons.compress.compressors.CompressorInputStream;org.apache.commons.compress.compressors.lzw.LZWInputStream;org.apache.commons.compress.utils.Charsets;org.apache.commons.compress.utils.IOUtils","org.apache.commons.compress.AbstractTestCase;org.apache.commons.compress.archivers.zip.ZipArchiveEntryTest"
43,"org.apache.commons.compress.archivers.ArchiveEntry;org.apache.commons.compress.archivers.ArchiveInputStream;org.apache.commons.compress.archivers.ArchiveOutputStream;org.apache.commons.compress.archivers.EntryStreamOffsets;org.apache.commons.compress.archivers.zip.AbstractUnicodeExtraField;org.apache.commons.compress.archivers.zip.AsiExtraField;org.apache.commons.compress.archivers.zip.ExplodingInputStream;org.apache.commons.compress.archivers.zip.ExtraFieldUtils;org.apache.commons.compress.archivers.zip.FallbackZipEncoding;org.apache.commons.compress.archivers.zip.GeneralPurposeBit;org.apache.commons.compress.archivers.zip.JarMarker;org.apache.commons.compress.archivers.zip.PKWareExtraHeader;org.apache.commons.compress.archivers.zip.ResourceAlignmentExtraField;org.apache.commons.compress.archivers.zip.StreamCompressor;org.apache.commons.compress.archivers.zip.UnicodeCommentExtraField;org.apache.commons.compress.archivers.zip.UnicodePathExtraField;org.apache.commons.compress.archivers.zip.UnixStat;org.apache.commons.compress.archivers.zip.UnshrinkingInputStream;org.apache.commons.compress.archivers.zip.UnsupportedZipFeatureException;org.apache.commons.compress.archivers.zip.X000A_NTFS;org.apache.commons.compress.archivers.zip.X0014_X509Certificates;org.apache.commons.compress.archivers.zip.X0015_CertificateIdForFile;org.apache.commons.compress.archivers.zip.X0016_CertificateIdForCentralDirectory;org.apache.commons.compress.archivers.zip.X0017_StrongEncryptionHeader;org.apache.commons.compress.archivers.zip.X0019_EncryptionRecipientCertificateList;org.apache.commons.compress.archivers.zip.X5455_ExtendedTimestamp;org.apache.commons.compress.archivers.zip.X7875_NewUnix;org.apache.commons.compress.archivers.zip.Zip64ExtendedInformationExtraField;org.apache.commons.compress.archivers.zip.Zip64Mode;org.apache.commons.compress.archivers.zip.Zip64RequiredException;org.apache.commons.compress.archivers.zip.ZipArchiveEntry;org.apache.commons.compress.archivers.zip.ZipArchiveOutputStream;org.apache.commons.compress.archivers.zip.ZipEightByteInteger;org.apache.commons.compress.archivers.zip.ZipEncoding;org.apache.commons.compress.archivers.zip.ZipEncodingHelper;org.apache.commons.compress.archivers.zip.ZipExtraField;org.apache.commons.compress.archivers.zip.ZipFile;org.apache.commons.compress.archivers.zip.ZipLong;org.apache.commons.compress.archivers.zip.ZipMethod;org.apache.commons.compress.archivers.zip.ZipShort;org.apache.commons.compress.archivers.zip.ZipUtil;org.apache.commons.compress.compressors.bzip2.BZip2CompressorInputStream;org.apache.commons.compress.compressors.bzip2.BZip2Constants;org.apache.commons.compress.compressors.CompressorInputStream;org.apache.commons.compress.compressors.lzw.LZWInputStream;org.apache.commons.compress.utils.ByteUtils;org.apache.commons.compress.utils.Charsets;org.apache.commons.compress.utils.IOUtils","org.apache.commons.compress.AbstractTestCase;org.apache.commons.compress.archivers.zip.DataDescriptorTest"
44,"org.apache.commons.compress.utils.ChecksumCalculatingInputStream","org.apache.commons.compress.utils.ChecksumCalculatingInputStreamTest"
45,"org.apache.commons.compress.archivers.tar.TarUtils;org.apache.commons.compress.archivers.zip.FallbackZipEncoding;org.apache.commons.compress.archivers.zip.ZipEncoding;org.apache.commons.compress.archivers.zip.ZipEncodingHelper;org.apache.commons.compress.utils.Charsets","org.apache.commons.compress.archivers.tar.TarUtilsTest"
46,"org.apache.commons.compress.archivers.ArchiveEntry;org.apache.commons.compress.archivers.zip.X5455_ExtendedTimestamp;org.apache.commons.compress.archivers.zip.ZipExtraField;org.apache.commons.compress.archivers.zip.ZipLong;org.apache.commons.compress.archivers.zip.ZipShort","org.apache.commons.compress.archivers.zip.X5455_ExtendedTimestampTest"
47,"org.apache.commons.compress.archivers.ArchiveEntry;org.apache.commons.compress.archivers.ArchiveInputStream;org.apache.commons.compress.archivers.EntryStreamOffsets;org.apache.commons.compress.archivers.zip.AbstractUnicodeExtraField;org.apache.commons.compress.archivers.zip.CharsetAccessor;org.apache.commons.compress.archivers.zip.ExplodingInputStream;org.apache.commons.compress.archivers.zip.GeneralPurposeBit;org.apache.commons.compress.archivers.zip.NioZipEncoding;org.apache.commons.compress.archivers.zip.UnicodeCommentExtraField;org.apache.commons.compress.archivers.zip.UnicodePathExtraField;org.apache.commons.compress.archivers.zip.UnshrinkingInputStream;org.apache.commons.compress.archivers.zip.UnsupportedZipFeatureException;org.apache.commons.compress.archivers.zip.ZipArchiveEntry;org.apache.commons.compress.archivers.zip.ZipArchiveInputStream;org.apache.commons.compress.archivers.zip.ZipEncoding;org.apache.commons.compress.archivers.zip.ZipEncodingHelper;org.apache.commons.compress.archivers.zip.ZipExtraField;org.apache.commons.compress.archivers.zip.ZipLong;org.apache.commons.compress.archivers.zip.ZipMethod;org.apache.commons.compress.archivers.zip.ZipUtil;org.apache.commons.compress.compressors.bzip2.BZip2CompressorInputStream;org.apache.commons.compress.compressors.bzip2.BZip2Constants;org.apache.commons.compress.compressors.CompressorInputStream;org.apache.commons.compress.compressors.deflate64.Deflate64CompressorInputStream;org.apache.commons.compress.compressors.lzw.LZWInputStream;org.apache.commons.compress.utils.ByteUtils;org.apache.commons.compress.utils.Charsets","org.apache.commons.compress.archivers.zip.ZipArchiveInputStreamTest"
