1,"org.jsoup.Jsoup;org.jsoup.nodes.Attribute;org.jsoup.nodes.Attributes;org.jsoup.nodes.Comment;org.jsoup.nodes.DataNode;org.jsoup.nodes.Document;org.jsoup.nodes.Element;org.jsoup.nodes.Evaluator;org.jsoup.nodes.Node;org.jsoup.nodes.TextNode;org.jsoup.nodes.XmlDeclaration;org.jsoup.parser.Parser;org.jsoup.parser.Tag;org.jsoup.parser.TokenQueue;org.jsoup.select.Collector;org.jsoup.select.Elements;org.jsoup.select.Selector","org.jsoup.parser.ParserTest"
2,"org.jsoup.Jsoup;org.jsoup.nodes.Attribute;org.jsoup.nodes.Attributes;org.jsoup.nodes.Comment;org.jsoup.nodes.DataNode;org.jsoup.nodes.Document;org.jsoup.nodes.Element;org.jsoup.nodes.Evaluator;org.jsoup.nodes.Node;org.jsoup.nodes.TextNode;org.jsoup.nodes.XmlDeclaration;org.jsoup.parser.Parser;org.jsoup.parser.Tag;org.jsoup.parser.TokenQueue;org.jsoup.select.Collector;org.jsoup.select.Elements;org.jsoup.select.Selector","org.jsoup.parser.ParserTest;org.jsoup.TextUtil"
3,"org.jsoup.Jsoup;org.jsoup.nodes.Attribute;org.jsoup.nodes.Attributes;org.jsoup.nodes.Comment;org.jsoup.nodes.DataNode;org.jsoup.nodes.Document;org.jsoup.nodes.Element;org.jsoup.nodes.Evaluator;org.jsoup.nodes.Node;org.jsoup.nodes.TextNode;org.jsoup.nodes.XmlDeclaration;org.jsoup.parser.Parser;org.jsoup.parser.Tag;org.jsoup.parser.TokenQueue;org.jsoup.select.Collector;org.jsoup.select.Elements;org.jsoup.select.Selector","org.jsoup.nodes.ElementTest;org.jsoup.parser.ParserTest;org.jsoup.TextUtil"
4,"org.jsoup.nodes.Entities","org.jsoup.nodes.EntitiesTest"
5,"org.jsoup.helper.StringUtil;org.jsoup.helper.Validate;org.jsoup.Jsoup;org.jsoup.nodes.Attributes;org.jsoup.nodes.Comment;org.jsoup.nodes.DataNode;org.jsoup.nodes.Document;org.jsoup.nodes.Element;org.jsoup.nodes.Entities;org.jsoup.nodes.Evaluator;org.jsoup.nodes.Node;org.jsoup.nodes.TextNode;org.jsoup.nodes.XmlDeclaration;org.jsoup.parser.Parser;org.jsoup.parser.Tag;org.jsoup.parser.TokenQueue;org.jsoup.select.NodeTraversor;org.jsoup.select.NodeVisitor","org.jsoup.parser.ParserTest"
6,"org.jsoup.helper.DataUtil;org.jsoup.helper.StringUtil;org.jsoup.helper.Validate;org.jsoup.Jsoup;org.jsoup.nodes.Attribute;org.jsoup.nodes.Attributes;org.jsoup.nodes.Comment;org.jsoup.nodes.DataNode;org.jsoup.nodes.Document;org.jsoup.nodes.Element;org.jsoup.nodes.Entities;org.jsoup.nodes.Evaluator;org.jsoup.nodes.Node;org.jsoup.nodes.TextNode;org.jsoup.nodes.XmlDeclaration;org.jsoup.parser.Parser;org.jsoup.parser.Tag;org.jsoup.parser.TokenQueue;org.jsoup.select.Collector;org.jsoup.select.Elements;org.jsoup.select.NodeTraversor;org.jsoup.select.NodeVisitor;org.jsoup.select.Selector","org.jsoup.integration.ParseTest;org.jsoup.nodes.EntitiesTest"
7,"org.jsoup.helper.StringUtil;org.jsoup.helper.Validate;org.jsoup.Jsoup;org.jsoup.nodes.Attribute;org.jsoup.nodes.Attributes;org.jsoup.nodes.Comment;org.jsoup.nodes.DataNode;org.jsoup.nodes.Document;org.jsoup.nodes.Element;org.jsoup.nodes.Entities;org.jsoup.nodes.Evaluator;org.jsoup.nodes.Node;org.jsoup.nodes.TextNode;org.jsoup.nodes.XmlDeclaration;org.jsoup.parser.Parser;org.jsoup.parser.Tag;org.jsoup.parser.TokenQueue;org.jsoup.select.Collector;org.jsoup.select.Elements;org.jsoup.select.NodeTraversor;org.jsoup.select.NodeVisitor","org.jsoup.nodes.DocumentTest;org.jsoup.TextUtil"
8,"org.jsoup.helper.StringUtil;org.jsoup.helper.Validate;org.jsoup.Jsoup;org.jsoup.nodes.Attribute;org.jsoup.nodes.Attributes;org.jsoup.nodes.Comment;org.jsoup.nodes.DataNode;org.jsoup.nodes.Document;org.jsoup.nodes.Element;org.jsoup.nodes.Entities;org.jsoup.nodes.Evaluator;org.jsoup.nodes.Node;org.jsoup.nodes.TextNode;org.jsoup.nodes.XmlDeclaration;org.jsoup.parser.Parser;org.jsoup.parser.Tag;org.jsoup.parser.TokenQueue;org.jsoup.select.Collector;org.jsoup.select.Elements;org.jsoup.select.NodeTraversor;org.jsoup.select.NodeVisitor;org.jsoup.select.Selector","org.jsoup.nodes.ElementTest"
9,"org.jsoup.nodes.Entities","org.jsoup.nodes.EntitiesTest"
10,"org.jsoup.helper.Validate;org.jsoup.Jsoup;org.jsoup.nodes.Attribute;org.jsoup.nodes.Attributes;org.jsoup.nodes.Comment;org.jsoup.nodes.DataNode;org.jsoup.nodes.Document;org.jsoup.nodes.Element;org.jsoup.nodes.Entities;org.jsoup.nodes.Evaluator;org.jsoup.nodes.Node;org.jsoup.nodes.TextNode;org.jsoup.nodes.XmlDeclaration;org.jsoup.parser.Parser;org.jsoup.parser.Tag;org.jsoup.parser.TokenQueue;org.jsoup.select.Collector;org.jsoup.select.Elements;org.jsoup.select.NodeTraversor;org.jsoup.select.NodeVisitor;org.jsoup.select.Selector","org.jsoup.nodes.NodeTest"
11,"org.jsoup.helper.StringUtil;org.jsoup.helper.Validate;org.jsoup.Jsoup;org.jsoup.nodes.Attribute;org.jsoup.nodes.Attributes;org.jsoup.nodes.Comment;org.jsoup.nodes.DataNode;org.jsoup.nodes.Document;org.jsoup.nodes.Element;org.jsoup.nodes.Entities;org.jsoup.nodes.Evaluator;org.jsoup.nodes.Node;org.jsoup.nodes.TextNode;org.jsoup.nodes.XmlDeclaration;org.jsoup.parser.Parser;org.jsoup.parser.Tag;org.jsoup.parser.TokenQueue;org.jsoup.select.Collector;org.jsoup.select.Elements;org.jsoup.select.NodeTraversor;org.jsoup.select.NodeVisitor;org.jsoup.select.Selector","org.jsoup.select.SelectorTest"
12,"org.jsoup.helper.StringUtil;org.jsoup.helper.Validate;org.jsoup.Jsoup;org.jsoup.nodes.Attribute;org.jsoup.nodes.Attributes;org.jsoup.nodes.Comment;org.jsoup.nodes.DataNode;org.jsoup.nodes.Document;org.jsoup.nodes.Element;org.jsoup.nodes.Entities;org.jsoup.nodes.Evaluator;org.jsoup.nodes.Node;org.jsoup.nodes.TextNode;org.jsoup.nodes.XmlDeclaration;org.jsoup.parser.Parser;org.jsoup.parser.Tag;org.jsoup.parser.TokenQueue;org.jsoup.select.Collector;org.jsoup.select.Elements;org.jsoup.select.NodeTraversor;org.jsoup.select.NodeVisitor;org.jsoup.select.Selector","org.jsoup.select.SelectorTest"
13,"org.jsoup.helper.StringUtil;org.jsoup.helper.Validate;org.jsoup.Jsoup;org.jsoup.nodes.Attribute;org.jsoup.nodes.Attributes;org.jsoup.nodes.Comment;org.jsoup.nodes.DataNode;org.jsoup.nodes.Document;org.jsoup.nodes.DocumentType;org.jsoup.nodes.Element;org.jsoup.nodes.Entities;org.jsoup.nodes.Node;org.jsoup.nodes.TextNode;org.jsoup.parser.CharacterReader;org.jsoup.parser.Parser;org.jsoup.parser.Tag;org.jsoup.parser.Token;org.jsoup.parser.Tokeniser;org.jsoup.parser.TokeniserState;org.jsoup.parser.TokenQueue;org.jsoup.parser.TreeBuilder;org.jsoup.parser.TreeBuilderState;org.jsoup.select.Collector;org.jsoup.select.CombiningEvaluator;org.jsoup.select.Elements;org.jsoup.select.Evaluator;org.jsoup.select.NodeTraversor;org.jsoup.select.NodeVisitor;org.jsoup.select.QueryParser;org.jsoup.select.Selector","org.jsoup.nodes.NodeTest;org.jsoup.select.ElementsTest"
14,"org.jsoup.helper.StringUtil;org.jsoup.helper.Validate;org.jsoup.Jsoup;org.jsoup.nodes.Attributes;org.jsoup.nodes.Comment;org.jsoup.nodes.DataNode;org.jsoup.nodes.Document;org.jsoup.nodes.DocumentType;org.jsoup.nodes.Element;org.jsoup.nodes.Entities;org.jsoup.nodes.Node;org.jsoup.nodes.TextNode;org.jsoup.parser.CharacterReader;org.jsoup.parser.Parser;org.jsoup.parser.Tag;org.jsoup.parser.Token;org.jsoup.parser.Tokeniser;org.jsoup.parser.TokeniserState;org.jsoup.parser.TokenQueue;org.jsoup.parser.TreeBuilder;org.jsoup.parser.TreeBuilderState;org.jsoup.select.Collector;org.jsoup.select.CombiningEvaluator;org.jsoup.select.Elements;org.jsoup.select.Evaluator;org.jsoup.select.NodeTraversor;org.jsoup.select.NodeVisitor;org.jsoup.select.QueryParser;org.jsoup.select.Selector","org.jsoup.parser.ParserTest"
15,"org.jsoup.helper.DescendableLinkedList;org.jsoup.helper.StringUtil;org.jsoup.helper.Validate;org.jsoup.Jsoup;org.jsoup.nodes.Attribute;org.jsoup.nodes.Attributes;org.jsoup.nodes.Comment;org.jsoup.nodes.DataNode;org.jsoup.nodes.Document;org.jsoup.nodes.DocumentType;org.jsoup.nodes.Element;org.jsoup.nodes.Entities;org.jsoup.nodes.Node;org.jsoup.nodes.TextNode;org.jsoup.parser.CharacterReader;org.jsoup.parser.Parser;org.jsoup.parser.Tag;org.jsoup.parser.Token;org.jsoup.parser.Tokeniser;org.jsoup.parser.TokeniserState;org.jsoup.parser.TreeBuilder;org.jsoup.parser.TreeBuilderState;org.jsoup.select.Collector;org.jsoup.select.Elements;org.jsoup.select.Evaluator;org.jsoup.select.NodeTraversor;org.jsoup.select.NodeVisitor","org.jsoup.parser.ParserTest"
16,"org.jsoup.helper.StringUtil;org.jsoup.helper.Validate;org.jsoup.nodes.Attribute;org.jsoup.nodes.Attributes;org.jsoup.nodes.Document;org.jsoup.nodes.DocumentType;org.jsoup.nodes.Element;org.jsoup.nodes.Entities;org.jsoup.nodes.Node;org.jsoup.nodes.TextNode;org.jsoup.parser.Tag;org.jsoup.select.Evaluator;org.jsoup.select.NodeTraversor;org.jsoup.select.NodeVisitor","org.jsoup.nodes.DocumentTypeTest"
17,"org.jsoup.helper.DescendableLinkedList;org.jsoup.helper.StringUtil;org.jsoup.helper.Validate;org.jsoup.Jsoup;org.jsoup.nodes.Attributes;org.jsoup.nodes.Comment;org.jsoup.nodes.DataNode;org.jsoup.nodes.Document;org.jsoup.nodes.DocumentType;org.jsoup.nodes.Element;org.jsoup.nodes.Entities;org.jsoup.nodes.Node;org.jsoup.nodes.TextNode;org.jsoup.parser.CharacterReader;org.jsoup.parser.Parser;org.jsoup.parser.Tag;org.jsoup.parser.Token;org.jsoup.parser.Tokeniser;org.jsoup.parser.TokeniserState;org.jsoup.parser.TreeBuilder;org.jsoup.parser.TreeBuilderState;org.jsoup.select.Evaluator;org.jsoup.select.NodeTraversor;org.jsoup.select.NodeVisitor","org.jsoup.parser.ParserTest"
18,"org.jsoup.helper.DescendableLinkedList;org.jsoup.helper.StringUtil;org.jsoup.helper.Validate;org.jsoup.Jsoup;org.jsoup.nodes.Attribute;org.jsoup.nodes.Attributes;org.jsoup.nodes.Comment;org.jsoup.nodes.DataNode;org.jsoup.nodes.Document;org.jsoup.nodes.DocumentType;org.jsoup.nodes.Element;org.jsoup.nodes.Entities;org.jsoup.nodes.Node;org.jsoup.nodes.TextNode;org.jsoup.parser.CharacterReader;org.jsoup.parser.Parser;org.jsoup.parser.Tag;org.jsoup.parser.Token;org.jsoup.parser.Tokeniser;org.jsoup.parser.TokeniserState;org.jsoup.parser.TreeBuilder;org.jsoup.parser.TreeBuilderState;org.jsoup.select.Evaluator;org.jsoup.select.NodeTraversor;org.jsoup.select.NodeVisitor","org.jsoup.parser.CharacterReaderTest;org.jsoup.parser.ParserTest"
19,"org.jsoup.helper.DescendableLinkedList;org.jsoup.helper.StringUtil;org.jsoup.helper.Validate;org.jsoup.Jsoup;org.jsoup.nodes.Attribute;org.jsoup.nodes.Attributes;org.jsoup.nodes.Comment;org.jsoup.nodes.DataNode;org.jsoup.nodes.Document;org.jsoup.nodes.DocumentType;org.jsoup.nodes.Element;org.jsoup.nodes.Entities;org.jsoup.nodes.Node;org.jsoup.nodes.TextNode;org.jsoup.parser.CharacterReader;org.jsoup.parser.ParseError;org.jsoup.parser.Parser;org.jsoup.parser.Tag;org.jsoup.parser.Token;org.jsoup.parser.Tokeniser;org.jsoup.parser.TokeniserState;org.jsoup.parser.TreeBuilder;org.jsoup.parser.TreeBuilderState;org.jsoup.safety.Cleaner;org.jsoup.safety.Whitelist;org.jsoup.select.Evaluator;org.jsoup.select.NodeTraversor;org.jsoup.select.NodeVisitor","org.jsoup.safety.CleanerTest"
20,"org.jsoup.helper.DataUtil;org.jsoup.helper.DescendableLinkedList;org.jsoup.helper.StringUtil;org.jsoup.helper.Validate;org.jsoup.nodes.Attributes;org.jsoup.nodes.Comment;org.jsoup.nodes.DataNode;org.jsoup.nodes.Document;org.jsoup.nodes.DocumentType;org.jsoup.nodes.Element;org.jsoup.nodes.Entities;org.jsoup.nodes.Node;org.jsoup.nodes.TextNode;org.jsoup.parser.CharacterReader;org.jsoup.parser.HtmlTreeBuilder;org.jsoup.parser.HtmlTreeBuilderState;org.jsoup.parser.ParseErrorList;org.jsoup.parser.Parser;org.jsoup.parser.Tag;org.jsoup.parser.Token;org.jsoup.parser.Tokeniser;org.jsoup.parser.TokeniserState;org.jsoup.parser.TreeBuilder;org.jsoup.parser.XmlTreeBuilder;org.jsoup.select.Evaluator;org.jsoup.select.NodeVisitor","org.jsoup.helper.DataUtilTest"
21,"org.jsoup.helper.DescendableLinkedList;org.jsoup.helper.StringUtil;org.jsoup.helper.Validate;org.jsoup.Jsoup;org.jsoup.nodes.Attribute;org.jsoup.nodes.Attributes;org.jsoup.nodes.Comment;org.jsoup.nodes.DataNode;org.jsoup.nodes.Document;org.jsoup.nodes.DocumentType;org.jsoup.nodes.Element;org.jsoup.nodes.Entities;org.jsoup.nodes.Node;org.jsoup.nodes.TextNode;org.jsoup.parser.CharacterReader;org.jsoup.parser.HtmlTreeBuilder;org.jsoup.parser.HtmlTreeBuilderState;org.jsoup.parser.ParseErrorList;org.jsoup.parser.Parser;org.jsoup.parser.Tag;org.jsoup.parser.Token;org.jsoup.parser.Tokeniser;org.jsoup.parser.TokeniserState;org.jsoup.parser.TokenQueue;org.jsoup.parser.TreeBuilder;org.jsoup.parser.XmlTreeBuilder;org.jsoup.select.Collector;org.jsoup.select.CombiningEvaluator;org.jsoup.select.Elements;org.jsoup.select.Evaluator;org.jsoup.select.NodeTraversor;org.jsoup.select.NodeVisitor;org.jsoup.select.QueryParser;org.jsoup.select.Selector;org.jsoup.select.StructuralEvaluator","org.jsoup.select.SelectorTest"
22,"org.jsoup.helper.DescendableLinkedList;org.jsoup.helper.StringUtil;org.jsoup.helper.Validate;org.jsoup.Jsoup;org.jsoup.nodes.Attributes;org.jsoup.nodes.Comment;org.jsoup.nodes.DataNode;org.jsoup.nodes.Document;org.jsoup.nodes.DocumentType;org.jsoup.nodes.Element;org.jsoup.nodes.Entities;org.jsoup.nodes.Node;org.jsoup.nodes.TextNode;org.jsoup.parser.CharacterReader;org.jsoup.parser.HtmlTreeBuilder;org.jsoup.parser.HtmlTreeBuilderState;org.jsoup.parser.ParseErrorList;org.jsoup.parser.Parser;org.jsoup.parser.Tag;org.jsoup.parser.Token;org.jsoup.parser.Tokeniser;org.jsoup.parser.TokeniserState;org.jsoup.parser.TokenQueue;org.jsoup.parser.TreeBuilder;org.jsoup.parser.XmlTreeBuilder;org.jsoup.select.Collector;org.jsoup.select.CombiningEvaluator;org.jsoup.select.Elements;org.jsoup.select.Evaluator;org.jsoup.select.NodeTraversor;org.jsoup.select.NodeVisitor;org.jsoup.select.QueryParser;org.jsoup.select.Selector","org.jsoup.nodes.ElementTest;org.jsoup.nodes.NodeTest"
23,"org.jsoup.helper.DescendableLinkedList;org.jsoup.helper.StringUtil;org.jsoup.helper.Validate;org.jsoup.Jsoup;org.jsoup.nodes.Attributes;org.jsoup.nodes.Comment;org.jsoup.nodes.DataNode;org.jsoup.nodes.Document;org.jsoup.nodes.DocumentType;org.jsoup.nodes.Element;org.jsoup.nodes.Entities;org.jsoup.nodes.Node;org.jsoup.nodes.TextNode;org.jsoup.parser.CharacterReader;org.jsoup.parser.HtmlTreeBuilder;org.jsoup.parser.HtmlTreeBuilderState;org.jsoup.parser.ParseErrorList;org.jsoup.parser.Parser;org.jsoup.parser.Tag;org.jsoup.parser.Token;org.jsoup.parser.Tokeniser;org.jsoup.parser.TokeniserState;org.jsoup.parser.TokenQueue;org.jsoup.parser.TreeBuilder;org.jsoup.parser.XmlTreeBuilder;org.jsoup.select.Collector;org.jsoup.select.CombiningEvaluator;org.jsoup.select.Elements;org.jsoup.select.Evaluator;org.jsoup.select.NodeTraversor;org.jsoup.select.NodeVisitor;org.jsoup.select.QueryParser;org.jsoup.select.Selector","org.jsoup.nodes.EntitiesTest"
24,"org.jsoup.helper.DescendableLinkedList;org.jsoup.helper.StringUtil;org.jsoup.helper.Validate;org.jsoup.Jsoup;org.jsoup.nodes.Attribute;org.jsoup.nodes.Attributes;org.jsoup.nodes.Comment;org.jsoup.nodes.DataNode;org.jsoup.nodes.Document;org.jsoup.nodes.DocumentType;org.jsoup.nodes.Element;org.jsoup.nodes.Entities;org.jsoup.nodes.Node;org.jsoup.nodes.TextNode;org.jsoup.parser.CharacterReader;org.jsoup.parser.HtmlTreeBuilder;org.jsoup.parser.HtmlTreeBuilderState;org.jsoup.parser.ParseErrorList;org.jsoup.parser.Parser;org.jsoup.parser.Tag;org.jsoup.parser.Token;org.jsoup.parser.Tokeniser;org.jsoup.parser.TokeniserState;org.jsoup.parser.TreeBuilder;org.jsoup.parser.XmlTreeBuilder;org.jsoup.select.Evaluator;org.jsoup.select.NodeTraversor;org.jsoup.select.NodeVisitor","org.jsoup.parser.HtmlParserTest"
25,"org.jsoup.helper.DescendableLinkedList;org.jsoup.helper.StringUtil;org.jsoup.helper.Validate;org.jsoup.Jsoup;org.jsoup.nodes.Attributes;org.jsoup.nodes.Comment;org.jsoup.nodes.DataNode;org.jsoup.nodes.Document;org.jsoup.nodes.DocumentType;org.jsoup.nodes.Element;org.jsoup.nodes.Entities;org.jsoup.nodes.Node;org.jsoup.nodes.TextNode;org.jsoup.parser.CharacterReader;org.jsoup.parser.HtmlTreeBuilder;org.jsoup.parser.HtmlTreeBuilderState;org.jsoup.parser.ParseErrorList;org.jsoup.parser.Parser;org.jsoup.parser.Tag;org.jsoup.parser.Token;org.jsoup.parser.Tokeniser;org.jsoup.parser.TokeniserState;org.jsoup.parser.TokenQueue;org.jsoup.parser.TreeBuilder;org.jsoup.parser.XmlTreeBuilder;org.jsoup.select.Collector;org.jsoup.select.CombiningEvaluator;org.jsoup.select.Elements;org.jsoup.select.Evaluator;org.jsoup.select.NodeTraversor;org.jsoup.select.NodeVisitor;org.jsoup.select.QueryParser;org.jsoup.select.Selector","org.jsoup.parser.HtmlParserTest"
26,"org.jsoup.helper.DescendableLinkedList;org.jsoup.helper.StringUtil;org.jsoup.helper.Validate;org.jsoup.Jsoup;org.jsoup.nodes.Attribute;org.jsoup.nodes.Attributes;org.jsoup.nodes.Comment;org.jsoup.nodes.DataNode;org.jsoup.nodes.Document;org.jsoup.nodes.DocumentType;org.jsoup.nodes.Element;org.jsoup.nodes.Entities;org.jsoup.nodes.Node;org.jsoup.nodes.TextNode;org.jsoup.parser.CharacterReader;org.jsoup.parser.HtmlTreeBuilder;org.jsoup.parser.HtmlTreeBuilderState;org.jsoup.parser.ParseErrorList;org.jsoup.parser.Parser;org.jsoup.parser.Tag;org.jsoup.parser.Token;org.jsoup.parser.Tokeniser;org.jsoup.parser.TokeniserState;org.jsoup.parser.TreeBuilder;org.jsoup.parser.XmlTreeBuilder;org.jsoup.safety.Cleaner;org.jsoup.safety.Whitelist;org.jsoup.select.Evaluator;org.jsoup.select.NodeVisitor","org.jsoup.safety.CleanerTest"
27,"org.jsoup.helper.DataUtil","org.jsoup.helper.DataUtilTest"
28,"org.jsoup.helper.DescendableLinkedList;org.jsoup.helper.StringUtil;org.jsoup.helper.Validate;org.jsoup.Jsoup;org.jsoup.nodes.Attribute;org.jsoup.nodes.Attributes;org.jsoup.nodes.Comment;org.jsoup.nodes.DataNode;org.jsoup.nodes.Document;org.jsoup.nodes.DocumentType;org.jsoup.nodes.Element;org.jsoup.nodes.Entities;org.jsoup.nodes.Node;org.jsoup.nodes.TextNode;org.jsoup.parser.CharacterReader;org.jsoup.parser.HtmlTreeBuilder;org.jsoup.parser.HtmlTreeBuilderState;org.jsoup.parser.ParseErrorList;org.jsoup.parser.Parser;org.jsoup.parser.Tag;org.jsoup.parser.Token;org.jsoup.parser.Tokeniser;org.jsoup.parser.TokeniserState;org.jsoup.parser.TokenQueue;org.jsoup.parser.TreeBuilder;org.jsoup.parser.XmlTreeBuilder;org.jsoup.select.Collector;org.jsoup.select.CombiningEvaluator;org.jsoup.select.Elements;org.jsoup.select.Evaluator;org.jsoup.select.NodeTraversor;org.jsoup.select.NodeVisitor;org.jsoup.select.QueryParser;org.jsoup.select.Selector","org.jsoup.nodes.EntitiesTest;org.jsoup.parser.AttributeParseTest;org.jsoup.parser.HtmlParserTest"
29,"org.jsoup.helper.DescendableLinkedList;org.jsoup.helper.StringUtil;org.jsoup.helper.Validate;org.jsoup.Jsoup;org.jsoup.nodes.Attributes;org.jsoup.nodes.Comment;org.jsoup.nodes.DataNode;org.jsoup.nodes.Document;org.jsoup.nodes.DocumentType;org.jsoup.nodes.Element;org.jsoup.nodes.Entities;org.jsoup.nodes.Node;org.jsoup.nodes.TextNode;org.jsoup.parser.CharacterReader;org.jsoup.parser.HtmlTreeBuilder;org.jsoup.parser.HtmlTreeBuilderState;org.jsoup.parser.ParseErrorList;org.jsoup.parser.Parser;org.jsoup.parser.Tag;org.jsoup.parser.Token;org.jsoup.parser.Tokeniser;org.jsoup.parser.TokeniserState;org.jsoup.parser.TokenQueue;org.jsoup.parser.TreeBuilder;org.jsoup.parser.XmlTreeBuilder;org.jsoup.select.Collector;org.jsoup.select.CombiningEvaluator;org.jsoup.select.Elements;org.jsoup.select.Evaluator;org.jsoup.select.NodeTraversor;org.jsoup.select.NodeVisitor;org.jsoup.select.QueryParser;org.jsoup.select.Selector","org.jsoup.nodes.DocumentTest"
30,"org.jsoup.helper.DescendableLinkedList;org.jsoup.helper.StringUtil;org.jsoup.helper.Validate;org.jsoup.Jsoup;org.jsoup.nodes.Attribute;org.jsoup.nodes.Attributes;org.jsoup.nodes.Comment;org.jsoup.nodes.DataNode;org.jsoup.nodes.Document;org.jsoup.nodes.DocumentType;org.jsoup.nodes.Element;org.jsoup.nodes.Entities;org.jsoup.nodes.Node;org.jsoup.nodes.TextNode;org.jsoup.parser.CharacterReader;org.jsoup.parser.HtmlTreeBuilder;org.jsoup.parser.HtmlTreeBuilderState;org.jsoup.parser.ParseErrorList;org.jsoup.parser.Parser;org.jsoup.parser.Tag;org.jsoup.parser.Token;org.jsoup.parser.Tokeniser;org.jsoup.parser.TokeniserState;org.jsoup.parser.TreeBuilder;org.jsoup.parser.XmlTreeBuilder;org.jsoup.safety.Cleaner;org.jsoup.safety.Whitelist;org.jsoup.select.Evaluator;org.jsoup.select.NodeTraversor;org.jsoup.select.NodeVisitor","org.jsoup.safety.CleanerTest"
31,"org.jsoup.helper.DescendableLinkedList;org.jsoup.helper.StringUtil;org.jsoup.helper.Validate;org.jsoup.Jsoup;org.jsoup.nodes.Attribute;org.jsoup.nodes.Attributes;org.jsoup.nodes.Comment;org.jsoup.nodes.Document;org.jsoup.nodes.DocumentType;org.jsoup.nodes.Element;org.jsoup.nodes.Entities;org.jsoup.nodes.Node;org.jsoup.nodes.TextNode;org.jsoup.nodes.XmlDeclaration;org.jsoup.parser.CharacterReader;org.jsoup.parser.HtmlTreeBuilder;org.jsoup.parser.ParseErrorList;org.jsoup.parser.Parser;org.jsoup.parser.Tag;org.jsoup.parser.Token;org.jsoup.parser.Tokeniser;org.jsoup.parser.TokeniserState;org.jsoup.parser.TreeBuilder;org.jsoup.parser.XmlTreeBuilder;org.jsoup.select.Evaluator;org.jsoup.select.NodeTraversor;org.jsoup.select.NodeVisitor","org.jsoup.parser.XmlTreeBuilderTest"
32,"org.jsoup.helper.DescendableLinkedList;org.jsoup.helper.StringUtil;org.jsoup.helper.Validate;org.jsoup.Jsoup;org.jsoup.nodes.Attribute;org.jsoup.nodes.Attributes;org.jsoup.nodes.Comment;org.jsoup.nodes.DataNode;org.jsoup.nodes.Document;org.jsoup.nodes.DocumentType;org.jsoup.nodes.Element;org.jsoup.nodes.Entities;org.jsoup.nodes.Node;org.jsoup.nodes.TextNode;org.jsoup.parser.CharacterReader;org.jsoup.parser.HtmlTreeBuilder;org.jsoup.parser.HtmlTreeBuilderState;org.jsoup.parser.ParseErrorList;org.jsoup.parser.Parser;org.jsoup.parser.Tag;org.jsoup.parser.Token;org.jsoup.parser.Tokeniser;org.jsoup.parser.TokeniserState;org.jsoup.parser.TokenQueue;org.jsoup.parser.TreeBuilder;org.jsoup.parser.XmlTreeBuilder;org.jsoup.select.Collector;org.jsoup.select.CombiningEvaluator;org.jsoup.select.Elements;org.jsoup.select.Evaluator;org.jsoup.select.NodeTraversor;org.jsoup.select.NodeVisitor;org.jsoup.select.QueryParser;org.jsoup.select.Selector","org.jsoup.nodes.ElementTest"
33,"org.jsoup.helper.DescendableLinkedList;org.jsoup.helper.StringUtil;org.jsoup.helper.Validate;org.jsoup.Jsoup;org.jsoup.nodes.Attribute;org.jsoup.nodes.Attributes;org.jsoup.nodes.Comment;org.jsoup.nodes.DataNode;org.jsoup.nodes.Document;org.jsoup.nodes.DocumentType;org.jsoup.nodes.Element;org.jsoup.nodes.Entities;org.jsoup.nodes.FormElement;org.jsoup.nodes.Node;org.jsoup.nodes.TextNode;org.jsoup.parser.CharacterReader;org.jsoup.parser.HtmlTreeBuilder;org.jsoup.parser.HtmlTreeBuilderState;org.jsoup.parser.ParseErrorList;org.jsoup.parser.Parser;org.jsoup.parser.Tag;org.jsoup.parser.Token;org.jsoup.parser.Tokeniser;org.jsoup.parser.TokeniserState;org.jsoup.parser.TreeBuilder;org.jsoup.parser.XmlTreeBuilder;org.jsoup.select.Evaluator;org.jsoup.select.NodeTraversor;org.jsoup.select.NodeVisitor","org.jsoup.parser.HtmlParserTest;org.jsoup.TextUtil"
34,"org.jsoup.helper.DescendableLinkedList;org.jsoup.helper.StringUtil;org.jsoup.helper.Validate;org.jsoup.Jsoup;org.jsoup.nodes.Attributes;org.jsoup.nodes.Comment;org.jsoup.nodes.DataNode;org.jsoup.nodes.Document;org.jsoup.nodes.DocumentType;org.jsoup.nodes.Element;org.jsoup.nodes.Entities;org.jsoup.nodes.FormElement;org.jsoup.nodes.Node;org.jsoup.nodes.TextNode;org.jsoup.parser.CharacterReader;org.jsoup.parser.HtmlTreeBuilder;org.jsoup.parser.HtmlTreeBuilderState;org.jsoup.parser.ParseErrorList;org.jsoup.parser.Parser;org.jsoup.parser.Tag;org.jsoup.parser.Token;org.jsoup.parser.Tokeniser;org.jsoup.parser.TokeniserState;org.jsoup.parser.TreeBuilder;org.jsoup.parser.XmlTreeBuilder;org.jsoup.select.Evaluator;org.jsoup.select.NodeVisitor","org.jsoup.parser.CharacterReaderTest;org.jsoup.parser.HtmlParserTest"
35,"org.jsoup.helper.DescendableLinkedList;org.jsoup.helper.StringUtil;org.jsoup.helper.Validate;org.jsoup.Jsoup;org.jsoup.nodes.Attribute;org.jsoup.nodes.Attributes;org.jsoup.nodes.Comment;org.jsoup.nodes.DataNode;org.jsoup.nodes.Document;org.jsoup.nodes.DocumentType;org.jsoup.nodes.Element;org.jsoup.nodes.Entities;org.jsoup.nodes.FormElement;org.jsoup.nodes.Node;org.jsoup.nodes.TextNode;org.jsoup.parser.CharacterReader;org.jsoup.parser.HtmlTreeBuilder;org.jsoup.parser.HtmlTreeBuilderState;org.jsoup.parser.ParseErrorList;org.jsoup.parser.Parser;org.jsoup.parser.Tag;org.jsoup.parser.Token;org.jsoup.parser.Tokeniser;org.jsoup.parser.TokeniserState;org.jsoup.parser.TreeBuilder;org.jsoup.parser.XmlTreeBuilder;org.jsoup.select.Evaluator;org.jsoup.select.NodeTraversor;org.jsoup.select.NodeVisitor","org.jsoup.parser.HtmlParserTest"
36,"org.jsoup.helper.DataUtil;org.jsoup.helper.DescendableLinkedList;org.jsoup.helper.StringUtil;org.jsoup.helper.Validate;org.jsoup.Jsoup;org.jsoup.nodes.Attribute;org.jsoup.nodes.Attributes;org.jsoup.nodes.Comment;org.jsoup.nodes.DataNode;org.jsoup.nodes.Document;org.jsoup.nodes.DocumentType;org.jsoup.nodes.Element;org.jsoup.nodes.Entities;org.jsoup.nodes.FormElement;org.jsoup.nodes.Node;org.jsoup.nodes.TextNode;org.jsoup.parser.CharacterReader;org.jsoup.parser.HtmlTreeBuilder;org.jsoup.parser.HtmlTreeBuilderState;org.jsoup.parser.ParseErrorList;org.jsoup.parser.Parser;org.jsoup.parser.Tag;org.jsoup.parser.Token;org.jsoup.parser.Tokeniser;org.jsoup.parser.TokeniserState;org.jsoup.parser.TokenQueue;org.jsoup.parser.TreeBuilder;org.jsoup.parser.XmlTreeBuilder;org.jsoup.select.Collector;org.jsoup.select.CombiningEvaluator;org.jsoup.select.Elements;org.jsoup.select.Evaluator;org.jsoup.select.NodeTraversor;org.jsoup.select.NodeVisitor;org.jsoup.select.QueryParser;org.jsoup.select.Selector","org.jsoup.helper.DataUtilTest;org.jsoup.integration.ParseTest"
37,"org.jsoup.helper.DescendableLinkedList;org.jsoup.helper.StringUtil;org.jsoup.helper.Validate;org.jsoup.Jsoup;org.jsoup.nodes.Attributes;org.jsoup.nodes.Comment;org.jsoup.nodes.DataNode;org.jsoup.nodes.Document;org.jsoup.nodes.DocumentType;org.jsoup.nodes.Element;org.jsoup.nodes.Entities;org.jsoup.nodes.FormElement;org.jsoup.nodes.Node;org.jsoup.nodes.TextNode;org.jsoup.parser.CharacterReader;org.jsoup.parser.HtmlTreeBuilder;org.jsoup.parser.HtmlTreeBuilderState;org.jsoup.parser.ParseErrorList;org.jsoup.parser.Parser;org.jsoup.parser.Tag;org.jsoup.parser.Token;org.jsoup.parser.Tokeniser;org.jsoup.parser.TokeniserState;org.jsoup.parser.TokenQueue;org.jsoup.parser.TreeBuilder;org.jsoup.parser.XmlTreeBuilder;org.jsoup.select.Collector;org.jsoup.select.CombiningEvaluator;org.jsoup.select.Elements;org.jsoup.select.Evaluator;org.jsoup.select.NodeTraversor;org.jsoup.select.NodeVisitor;org.jsoup.select.QueryParser;org.jsoup.select.Selector","org.jsoup.nodes.ElementTest"
38,"org.jsoup.helper.DescendableLinkedList;org.jsoup.helper.StringUtil;org.jsoup.helper.Validate;org.jsoup.Jsoup;org.jsoup.nodes.Attributes;org.jsoup.nodes.Comment;org.jsoup.nodes.DataNode;org.jsoup.nodes.Document;org.jsoup.nodes.DocumentType;org.jsoup.nodes.Element;org.jsoup.nodes.Entities;org.jsoup.nodes.FormElement;org.jsoup.nodes.Node;org.jsoup.nodes.TextNode;org.jsoup.parser.CharacterReader;org.jsoup.parser.HtmlTreeBuilder;org.jsoup.parser.HtmlTreeBuilderState;org.jsoup.parser.ParseErrorList;org.jsoup.parser.Parser;org.jsoup.parser.Tag;org.jsoup.parser.Token;org.jsoup.parser.Tokeniser;org.jsoup.parser.TokeniserState;org.jsoup.parser.TreeBuilder;org.jsoup.parser.XmlTreeBuilder;org.jsoup.select.Evaluator;org.jsoup.select.NodeTraversor;org.jsoup.select.NodeVisitor","org.jsoup.parser.HtmlParserTest"
39,"org.jsoup.helper.DataUtil;org.jsoup.helper.DescendableLinkedList;org.jsoup.helper.StringUtil;org.jsoup.helper.Validate;org.jsoup.nodes.Attributes;org.jsoup.nodes.Comment;org.jsoup.nodes.DataNode;org.jsoup.nodes.Document;org.jsoup.nodes.DocumentType;org.jsoup.nodes.Element;org.jsoup.nodes.Entities;org.jsoup.nodes.FormElement;org.jsoup.nodes.Node;org.jsoup.nodes.TextNode;org.jsoup.parser.CharacterReader;org.jsoup.parser.HtmlTreeBuilder;org.jsoup.parser.HtmlTreeBuilderState;org.jsoup.parser.ParseErrorList;org.jsoup.parser.Parser;org.jsoup.parser.Tag;org.jsoup.parser.Token;org.jsoup.parser.Tokeniser;org.jsoup.parser.TokeniserState;org.jsoup.parser.TokenQueue;org.jsoup.parser.TreeBuilder;org.jsoup.parser.XmlTreeBuilder;org.jsoup.select.Collector;org.jsoup.select.CombiningEvaluator;org.jsoup.select.Elements;org.jsoup.select.Evaluator;org.jsoup.select.NodeTraversor;org.jsoup.select.NodeVisitor;org.jsoup.select.QueryParser;org.jsoup.select.Selector","org.jsoup.helper.DataUtilTest"
40,"org.jsoup.helper.DescendableLinkedList;org.jsoup.helper.StringUtil;org.jsoup.helper.Validate;org.jsoup.Jsoup;org.jsoup.nodes.Attribute;org.jsoup.nodes.Attributes;org.jsoup.nodes.Comment;org.jsoup.nodes.DataNode;org.jsoup.nodes.Document;org.jsoup.nodes.DocumentType;org.jsoup.nodes.Element;org.jsoup.nodes.Entities;org.jsoup.nodes.FormElement;org.jsoup.nodes.Node;org.jsoup.nodes.TextNode;org.jsoup.parser.CharacterReader;org.jsoup.parser.HtmlTreeBuilder;org.jsoup.parser.HtmlTreeBuilderState;org.jsoup.parser.ParseErrorList;org.jsoup.parser.Parser;org.jsoup.parser.Tag;org.jsoup.parser.Token;org.jsoup.parser.Tokeniser;org.jsoup.parser.TokeniserState;org.jsoup.parser.TreeBuilder;org.jsoup.parser.XmlTreeBuilder;org.jsoup.select.Evaluator;org.jsoup.select.NodeTraversor;org.jsoup.select.NodeVisitor","org.jsoup.nodes.DocumentTypeTest;org.jsoup.parser.HtmlParserTest"
41,"org.jsoup.helper.StringUtil;org.jsoup.helper.Validate;org.jsoup.Jsoup;org.jsoup.nodes.Attribute;org.jsoup.nodes.Attributes;org.jsoup.nodes.Comment;org.jsoup.nodes.DataNode;org.jsoup.nodes.Document;org.jsoup.nodes.DocumentType;org.jsoup.nodes.Element;org.jsoup.nodes.Entities;org.jsoup.nodes.FormElement;org.jsoup.nodes.Node;org.jsoup.nodes.TextNode;org.jsoup.parser.CharacterReader;org.jsoup.parser.HtmlTreeBuilder;org.jsoup.parser.HtmlTreeBuilderState;org.jsoup.parser.ParseErrorList;org.jsoup.parser.Parser;org.jsoup.parser.Tag;org.jsoup.parser.Token;org.jsoup.parser.Tokeniser;org.jsoup.parser.TokeniserState;org.jsoup.parser.TokenQueue;org.jsoup.parser.TreeBuilder;org.jsoup.parser.XmlTreeBuilder;org.jsoup.select.Collector;org.jsoup.select.CombiningEvaluator;org.jsoup.select.Elements;org.jsoup.select.Evaluator;org.jsoup.select.NodeTraversor;org.jsoup.select.NodeVisitor;org.jsoup.select.QueryParser;org.jsoup.select.Selector","org.jsoup.nodes.ElementTest"
42,"org.jsoup.Connection;org.jsoup.helper.HttpConnection;org.jsoup.helper.StringUtil;org.jsoup.helper.Validate;org.jsoup.Jsoup;org.jsoup.nodes.Attribute;org.jsoup.nodes.Attributes;org.jsoup.nodes.Comment;org.jsoup.nodes.DataNode;org.jsoup.nodes.Document;org.jsoup.nodes.DocumentType;org.jsoup.nodes.Element;org.jsoup.nodes.Entities;org.jsoup.nodes.FormElement;org.jsoup.nodes.Node;org.jsoup.nodes.TextNode;org.jsoup.parser.CharacterReader;org.jsoup.parser.HtmlTreeBuilder;org.jsoup.parser.HtmlTreeBuilderState;org.jsoup.parser.ParseErrorList;org.jsoup.parser.Parser;org.jsoup.parser.Tag;org.jsoup.parser.Token;org.jsoup.parser.Tokeniser;org.jsoup.parser.TokeniserState;org.jsoup.parser.TokenQueue;org.jsoup.parser.TreeBuilder;org.jsoup.parser.XmlTreeBuilder;org.jsoup.select.Collector;org.jsoup.select.CombiningEvaluator;org.jsoup.select.Elements;org.jsoup.select.Evaluator;org.jsoup.select.NodeTraversor;org.jsoup.select.NodeVisitor;org.jsoup.select.QueryParser;org.jsoup.select.Selector","org.jsoup.nodes.FormElementTest"
43,"org.jsoup.helper.StringUtil;org.jsoup.helper.Validate;org.jsoup.Jsoup;org.jsoup.nodes.Attribute;org.jsoup.nodes.Attributes;org.jsoup.nodes.Comment;org.jsoup.nodes.DataNode;org.jsoup.nodes.Document;org.jsoup.nodes.DocumentType;org.jsoup.nodes.Element;org.jsoup.nodes.Entities;org.jsoup.nodes.FormElement;org.jsoup.nodes.Node;org.jsoup.nodes.TextNode;org.jsoup.nodes.XmlDeclaration;org.jsoup.parser.CharacterReader;org.jsoup.parser.HtmlTreeBuilder;org.jsoup.parser.HtmlTreeBuilderState;org.jsoup.parser.ParseErrorList;org.jsoup.parser.Parser;org.jsoup.parser.Tag;org.jsoup.parser.Token;org.jsoup.parser.Tokeniser;org.jsoup.parser.TokeniserState;org.jsoup.parser.TokenQueue;org.jsoup.parser.TreeBuilder;org.jsoup.parser.XmlTreeBuilder;org.jsoup.select.Collector;org.jsoup.select.CombiningEvaluator;org.jsoup.select.Elements;org.jsoup.select.Evaluator;org.jsoup.select.NodeTraversor;org.jsoup.select.NodeVisitor;org.jsoup.select.QueryParser;org.jsoup.select.Selector","org.jsoup.nodes.ElementTest"
44,"org.jsoup.helper.DataUtil;org.jsoup.helper.StringUtil;org.jsoup.helper.Validate;org.jsoup.Jsoup;org.jsoup.nodes.Attribute;org.jsoup.nodes.Attributes;org.jsoup.nodes.Comment;org.jsoup.nodes.DataNode;org.jsoup.nodes.Document;org.jsoup.nodes.DocumentType;org.jsoup.nodes.Element;org.jsoup.nodes.Entities;org.jsoup.nodes.FormElement;org.jsoup.nodes.Node;org.jsoup.nodes.TextNode;org.jsoup.nodes.XmlDeclaration;org.jsoup.parser.CharacterReader;org.jsoup.parser.HtmlTreeBuilder;org.jsoup.parser.HtmlTreeBuilderState;org.jsoup.parser.ParseErrorList;org.jsoup.parser.Parser;org.jsoup.parser.Tag;org.jsoup.parser.Token;org.jsoup.parser.Tokeniser;org.jsoup.parser.TokeniserState;org.jsoup.parser.TreeBuilder;org.jsoup.parser.XmlTreeBuilder;org.jsoup.select.Evaluator;org.jsoup.select.NodeTraversor;org.jsoup.select.NodeVisitor","org.jsoup.integration.ParseTest;org.jsoup.parser.HtmlParserTest"
45,"org.jsoup.helper.StringUtil;org.jsoup.helper.Validate;org.jsoup.Jsoup;org.jsoup.nodes.Attribute;org.jsoup.nodes.Attributes;org.jsoup.nodes.BooleanAttribute;org.jsoup.nodes.Comment;org.jsoup.nodes.DataNode;org.jsoup.nodes.Document;org.jsoup.nodes.DocumentType;org.jsoup.nodes.Element;org.jsoup.nodes.Entities;org.jsoup.nodes.FormElement;org.jsoup.nodes.Node;org.jsoup.nodes.TextNode;org.jsoup.nodes.XmlDeclaration;org.jsoup.parser.CharacterReader;org.jsoup.parser.HtmlTreeBuilder;org.jsoup.parser.HtmlTreeBuilderState;org.jsoup.parser.ParseErrorList;org.jsoup.parser.Parser;org.jsoup.parser.Tag;org.jsoup.parser.Token;org.jsoup.parser.Tokeniser;org.jsoup.parser.TokeniserState;org.jsoup.parser.TreeBuilder;org.jsoup.parser.XmlTreeBuilder;org.jsoup.select.Elements;org.jsoup.select.Evaluator;org.jsoup.select.NodeVisitor","org.jsoup.parser.HtmlParserTest"
46,"org.jsoup.helper.DataUtil;org.jsoup.helper.StringUtil;org.jsoup.helper.Validate;org.jsoup.Jsoup;org.jsoup.nodes.Attribute;org.jsoup.nodes.Attributes;org.jsoup.nodes.BooleanAttribute;org.jsoup.nodes.Comment;org.jsoup.nodes.DataNode;org.jsoup.nodes.Document;org.jsoup.nodes.DocumentType;org.jsoup.nodes.Element;org.jsoup.nodes.Entities;org.jsoup.nodes.FormElement;org.jsoup.nodes.Node;org.jsoup.nodes.TextNode;org.jsoup.nodes.XmlDeclaration;org.jsoup.parser.CharacterReader;org.jsoup.parser.HtmlTreeBuilder;org.jsoup.parser.HtmlTreeBuilderState;org.jsoup.parser.ParseErrorList;org.jsoup.parser.Parser;org.jsoup.parser.Tag;org.jsoup.parser.Token;org.jsoup.parser.Tokeniser;org.jsoup.parser.TokeniserState;org.jsoup.parser.TokenQueue;org.jsoup.parser.TreeBuilder;org.jsoup.parser.XmlTreeBuilder;org.jsoup.select.Collector;org.jsoup.select.CombiningEvaluator;org.jsoup.select.Elements;org.jsoup.select.Evaluator;org.jsoup.select.NodeTraversor;org.jsoup.select.NodeVisitor;org.jsoup.select.QueryParser;org.jsoup.select.Selector","org.jsoup.nodes.DocumentTest"
47,"org.jsoup.helper.StringUtil;org.jsoup.helper.Validate;org.jsoup.Jsoup;org.jsoup.nodes.Attribute;org.jsoup.nodes.Attributes;org.jsoup.nodes.BooleanAttribute;org.jsoup.nodes.Comment;org.jsoup.nodes.DataNode;org.jsoup.nodes.Document;org.jsoup.nodes.DocumentType;org.jsoup.nodes.Element;org.jsoup.nodes.Entities;org.jsoup.nodes.FormElement;org.jsoup.nodes.Node;org.jsoup.nodes.TextNode;org.jsoup.nodes.XmlDeclaration;org.jsoup.parser.CharacterReader;org.jsoup.parser.HtmlTreeBuilder;org.jsoup.parser.HtmlTreeBuilderState;org.jsoup.parser.ParseErrorList;org.jsoup.parser.Parser;org.jsoup.parser.Tag;org.jsoup.parser.Token;org.jsoup.parser.Tokeniser;org.jsoup.parser.TokeniserState;org.jsoup.parser.TokenQueue;org.jsoup.parser.TreeBuilder;org.jsoup.parser.XmlTreeBuilder;org.jsoup.select.Collector;org.jsoup.select.CombiningEvaluator;org.jsoup.select.Elements;org.jsoup.select.Evaluator;org.jsoup.select.NodeTraversor;org.jsoup.select.NodeVisitor;org.jsoup.select.QueryParser;org.jsoup.select.Selector","org.jsoup.nodes.EntitiesTest"
48,"org.jsoup.Connection;org.jsoup.helper.HttpConnection;org.jsoup.helper.Validate;org.jsoup.HttpStatusException;org.jsoup.UnsupportedMimeTypeException","org.jsoup.helper.HttpConnectionTest"
49,"org.jsoup.helper.StringUtil;org.jsoup.helper.Validate;org.jsoup.nodes.Attribute;org.jsoup.nodes.Attributes;org.jsoup.nodes.BooleanAttribute;org.jsoup.nodes.Document;org.jsoup.nodes.Element;org.jsoup.nodes.Entities;org.jsoup.nodes.Node;org.jsoup.nodes.TextNode;org.jsoup.nodes.XmlDeclaration;org.jsoup.parser.Tag;org.jsoup.select.Evaluator;org.jsoup.select.NodeTraversor;org.jsoup.select.NodeVisitor","org.jsoup.nodes.ElementTest"
50,"org.jsoup.helper.DataUtil;org.jsoup.helper.StringUtil;org.jsoup.helper.Validate;org.jsoup.Jsoup;org.jsoup.nodes.Attribute;org.jsoup.nodes.Attributes;org.jsoup.nodes.BooleanAttribute;org.jsoup.nodes.Comment;org.jsoup.nodes.DataNode;org.jsoup.nodes.Document;org.jsoup.nodes.DocumentType;org.jsoup.nodes.Element;org.jsoup.nodes.Entities;org.jsoup.nodes.FormElement;org.jsoup.nodes.Node;org.jsoup.nodes.TextNode;org.jsoup.nodes.XmlDeclaration;org.jsoup.parser.CharacterReader;org.jsoup.parser.HtmlTreeBuilder;org.jsoup.parser.HtmlTreeBuilderState;org.jsoup.parser.ParseErrorList;org.jsoup.parser.Parser;org.jsoup.parser.Tag;org.jsoup.parser.Token;org.jsoup.parser.Tokeniser;org.jsoup.parser.TokeniserState;org.jsoup.parser.TreeBuilder;org.jsoup.parser.XmlTreeBuilder;org.jsoup.select.Collector;org.jsoup.select.Elements;org.jsoup.select.Evaluator;org.jsoup.select.NodeTraversor;org.jsoup.select.NodeVisitor","org.jsoup.helper.DataUtilTest;org.jsoup.integration.ParseTest"
51,"org.jsoup.helper.StringUtil;org.jsoup.helper.Validate;org.jsoup.Jsoup;org.jsoup.nodes.Attribute;org.jsoup.nodes.Attributes;org.jsoup.nodes.BooleanAttribute;org.jsoup.nodes.Comment;org.jsoup.nodes.DataNode;org.jsoup.nodes.Document;org.jsoup.nodes.DocumentType;org.jsoup.nodes.Element;org.jsoup.nodes.Entities;org.jsoup.nodes.FormElement;org.jsoup.nodes.Node;org.jsoup.nodes.TextNode;org.jsoup.nodes.XmlDeclaration;org.jsoup.parser.CharacterReader;org.jsoup.parser.HtmlTreeBuilder;org.jsoup.parser.HtmlTreeBuilderState;org.jsoup.parser.ParseErrorList;org.jsoup.parser.Parser;org.jsoup.parser.Tag;org.jsoup.parser.Token;org.jsoup.parser.Tokeniser;org.jsoup.parser.TokeniserState;org.jsoup.parser.TokenQueue;org.jsoup.parser.TreeBuilder;org.jsoup.parser.XmlTreeBuilder;org.jsoup.select.Collector;org.jsoup.select.CombiningEvaluator;org.jsoup.select.Elements;org.jsoup.select.Evaluator;org.jsoup.select.NodeTraversor;org.jsoup.select.NodeVisitor;org.jsoup.select.QueryParser;org.jsoup.select.Selector","org.jsoup.parser.HtmlParserTest"
52,"org.jsoup.helper.DataUtil;org.jsoup.helper.StringUtil;org.jsoup.helper.Validate;org.jsoup.Jsoup;org.jsoup.nodes.Attribute;org.jsoup.nodes.Attributes;org.jsoup.nodes.BooleanAttribute;org.jsoup.nodes.Comment;org.jsoup.nodes.Document;org.jsoup.nodes.DocumentType;org.jsoup.nodes.Element;org.jsoup.nodes.Entities;org.jsoup.nodes.Node;org.jsoup.nodes.TextNode;org.jsoup.nodes.XmlDeclaration;org.jsoup.parser.CharacterReader;org.jsoup.parser.HtmlTreeBuilder;org.jsoup.parser.ParseErrorList;org.jsoup.parser.Parser;org.jsoup.parser.Tag;org.jsoup.parser.Token;org.jsoup.parser.Tokeniser;org.jsoup.parser.TokeniserState;org.jsoup.parser.TokenQueue;org.jsoup.parser.TreeBuilder;org.jsoup.parser.XmlTreeBuilder;org.jsoup.select.Collector;org.jsoup.select.CombiningEvaluator;org.jsoup.select.Elements;org.jsoup.select.Evaluator;org.jsoup.select.NodeTraversor;org.jsoup.select.NodeVisitor;org.jsoup.select.QueryParser;org.jsoup.select.Selector;org.jsoup.SerializationException","org.jsoup.nodes.DocumentTest;org.jsoup.parser.XmlTreeBuilderTest;org.jsoup.TextUtil"
53,"org.jsoup.helper.StringUtil;org.jsoup.helper.Validate;org.jsoup.Jsoup;org.jsoup.nodes.Attribute;org.jsoup.nodes.Attributes;org.jsoup.nodes.BooleanAttribute;org.jsoup.nodes.Comment;org.jsoup.nodes.DataNode;org.jsoup.nodes.Document;org.jsoup.nodes.DocumentType;org.jsoup.nodes.Element;org.jsoup.nodes.Entities;org.jsoup.nodes.FormElement;org.jsoup.nodes.Node;org.jsoup.nodes.TextNode;org.jsoup.nodes.XmlDeclaration;org.jsoup.parser.CharacterReader;org.jsoup.parser.HtmlTreeBuilder;org.jsoup.parser.HtmlTreeBuilderState;org.jsoup.parser.ParseErrorList;org.jsoup.parser.Parser;org.jsoup.parser.Tag;org.jsoup.parser.Token;org.jsoup.parser.Tokeniser;org.jsoup.parser.TokeniserState;org.jsoup.parser.TokenQueue;org.jsoup.parser.TreeBuilder;org.jsoup.parser.XmlTreeBuilder;org.jsoup.select.Collector;org.jsoup.select.CombiningEvaluator;org.jsoup.select.Elements;org.jsoup.select.Evaluator;org.jsoup.select.NodeTraversor;org.jsoup.select.NodeVisitor;org.jsoup.select.QueryParser;org.jsoup.select.Selector;org.jsoup.SerializationException","org.jsoup.select.SelectorTest"
54,"org.jsoup.helper.StringUtil;org.jsoup.helper.Validate;org.jsoup.helper.W3CDom;org.jsoup.Jsoup;org.jsoup.nodes.Attribute;org.jsoup.nodes.Attributes;org.jsoup.nodes.BooleanAttribute;org.jsoup.nodes.Comment;org.jsoup.nodes.DataNode;org.jsoup.nodes.Document;org.jsoup.nodes.DocumentType;org.jsoup.nodes.Element;org.jsoup.nodes.Entities;org.jsoup.nodes.FormElement;org.jsoup.nodes.Node;org.jsoup.nodes.TextNode;org.jsoup.nodes.XmlDeclaration;org.jsoup.parser.CharacterReader;org.jsoup.parser.HtmlTreeBuilder;org.jsoup.parser.HtmlTreeBuilderState;org.jsoup.parser.ParseErrorList;org.jsoup.parser.Parser;org.jsoup.parser.Tag;org.jsoup.parser.Token;org.jsoup.parser.Tokeniser;org.jsoup.parser.TokeniserState;org.jsoup.parser.TokenQueue;org.jsoup.parser.TreeBuilder;org.jsoup.parser.XmlTreeBuilder;org.jsoup.select.Collector;org.jsoup.select.CombiningEvaluator;org.jsoup.select.Elements;org.jsoup.select.Evaluator;org.jsoup.select.NodeTraversor;org.jsoup.select.NodeVisitor;org.jsoup.select.QueryParser;org.jsoup.select.Selector;org.jsoup.SerializationException","org.jsoup.helper.W3CDomTest"
55,"org.jsoup.helper.StringUtil;org.jsoup.helper.Validate;org.jsoup.Jsoup;org.jsoup.nodes.Attribute;org.jsoup.nodes.Attributes;org.jsoup.nodes.BooleanAttribute;org.jsoup.nodes.Comment;org.jsoup.nodes.DataNode;org.jsoup.nodes.Document;org.jsoup.nodes.DocumentType;org.jsoup.nodes.Element;org.jsoup.nodes.Entities;org.jsoup.nodes.FormElement;org.jsoup.nodes.Node;org.jsoup.nodes.TextNode;org.jsoup.nodes.XmlDeclaration;org.jsoup.parser.CharacterReader;org.jsoup.parser.HtmlTreeBuilder;org.jsoup.parser.HtmlTreeBuilderState;org.jsoup.parser.ParseErrorList;org.jsoup.parser.Parser;org.jsoup.parser.ParseSettings;org.jsoup.parser.Tag;org.jsoup.parser.Token;org.jsoup.parser.Tokeniser;org.jsoup.parser.TokeniserState;org.jsoup.parser.TokenQueue;org.jsoup.parser.TreeBuilder;org.jsoup.parser.XmlTreeBuilder;org.jsoup.select.Collector;org.jsoup.select.CombiningEvaluator;org.jsoup.select.Elements;org.jsoup.select.Evaluator;org.jsoup.select.NodeTraversor;org.jsoup.select.NodeVisitor;org.jsoup.select.QueryParser;org.jsoup.select.Selector;org.jsoup.SerializationException","org.jsoup.parser.AttributeParseTest"
56,"org.jsoup.helper.DataUtil;org.jsoup.helper.StringUtil;org.jsoup.helper.Validate;org.jsoup.Jsoup;org.jsoup.nodes.Attribute;org.jsoup.nodes.Attributes;org.jsoup.nodes.BooleanAttribute;org.jsoup.nodes.Comment;org.jsoup.nodes.DataNode;org.jsoup.nodes.Document;org.jsoup.nodes.DocumentType;org.jsoup.nodes.Element;org.jsoup.nodes.Entities;org.jsoup.nodes.FormElement;org.jsoup.nodes.Node;org.jsoup.nodes.TextNode;org.jsoup.nodes.XmlDeclaration;org.jsoup.parser.CharacterReader;org.jsoup.parser.HtmlTreeBuilder;org.jsoup.parser.HtmlTreeBuilderState;org.jsoup.parser.ParseErrorList;org.jsoup.parser.Parser;org.jsoup.parser.ParseSettings;org.jsoup.parser.Tag;org.jsoup.parser.Token;org.jsoup.parser.Tokeniser;org.jsoup.parser.TokeniserState;org.jsoup.parser.TreeBuilder;org.jsoup.parser.XmlTreeBuilder;org.jsoup.select.Evaluator;org.jsoup.select.NodeTraversor;org.jsoup.select.NodeVisitor;org.jsoup.SerializationException","org.jsoup.nodes.DocumentTypeTest"
57,"org.jsoup.helper.DataUtil;org.jsoup.helper.StringUtil;org.jsoup.helper.Validate;org.jsoup.Jsoup;org.jsoup.nodes.Attribute;org.jsoup.nodes.Attributes;org.jsoup.nodes.BooleanAttribute;org.jsoup.nodes.Comment;org.jsoup.nodes.DataNode;org.jsoup.nodes.Document;org.jsoup.nodes.DocumentType;org.jsoup.nodes.Element;org.jsoup.nodes.Entities;org.jsoup.nodes.FormElement;org.jsoup.nodes.Node;org.jsoup.nodes.TextNode;org.jsoup.nodes.XmlDeclaration;org.jsoup.parser.CharacterReader;org.jsoup.parser.HtmlTreeBuilder;org.jsoup.parser.HtmlTreeBuilderState;org.jsoup.parser.ParseErrorList;org.jsoup.parser.Parser;org.jsoup.parser.ParseSettings;org.jsoup.parser.Tag;org.jsoup.parser.Token;org.jsoup.parser.Tokeniser;org.jsoup.parser.TokeniserState;org.jsoup.parser.TokenQueue;org.jsoup.parser.TreeBuilder;org.jsoup.parser.XmlTreeBuilder;org.jsoup.select.Collector;org.jsoup.select.CombiningEvaluator;org.jsoup.select.Elements;org.jsoup.select.Evaluator;org.jsoup.select.NodeTraversor;org.jsoup.select.NodeVisitor;org.jsoup.select.QueryParser;org.jsoup.select.Selector;org.jsoup.SerializationException","org.jsoup.nodes.ElementTest"
58,"org.jsoup.helper.DataUtil;org.jsoup.helper.StringUtil;org.jsoup.helper.Validate;org.jsoup.Jsoup;org.jsoup.nodes.Attribute;org.jsoup.nodes.Attributes;org.jsoup.nodes.BooleanAttribute;org.jsoup.nodes.Comment;org.jsoup.nodes.DataNode;org.jsoup.nodes.Document;org.jsoup.nodes.DocumentType;org.jsoup.nodes.Element;org.jsoup.nodes.Entities;org.jsoup.nodes.FormElement;org.jsoup.nodes.Node;org.jsoup.nodes.TextNode;org.jsoup.nodes.XmlDeclaration;org.jsoup.parser.CharacterReader;org.jsoup.parser.HtmlTreeBuilder;org.jsoup.parser.HtmlTreeBuilderState;org.jsoup.parser.ParseError;org.jsoup.parser.ParseErrorList;org.jsoup.parser.Parser;org.jsoup.parser.ParseSettings;org.jsoup.parser.Tag;org.jsoup.parser.Token;org.jsoup.parser.Tokeniser;org.jsoup.parser.TokeniserState;org.jsoup.parser.TreeBuilder;org.jsoup.parser.XmlTreeBuilder;org.jsoup.safety.Cleaner;org.jsoup.safety.Whitelist;org.jsoup.select.Elements;org.jsoup.select.Evaluator;org.jsoup.select.NodeTraversor;org.jsoup.select.NodeVisitor;org.jsoup.SerializationException","org.jsoup.safety.CleanerTest"
59,"org.jsoup.helper.DataUtil;org.jsoup.helper.StringUtil;org.jsoup.helper.Validate;org.jsoup.Jsoup;org.jsoup.nodes.Attribute;org.jsoup.nodes.Attributes;org.jsoup.nodes.BooleanAttribute;org.jsoup.nodes.Comment;org.jsoup.nodes.DataNode;org.jsoup.nodes.Document;org.jsoup.nodes.DocumentType;org.jsoup.nodes.Element;org.jsoup.nodes.Entities;org.jsoup.nodes.FormElement;org.jsoup.nodes.Node;org.jsoup.nodes.TextNode;org.jsoup.nodes.XmlDeclaration;org.jsoup.parser.CharacterReader;org.jsoup.parser.HtmlTreeBuilder;org.jsoup.parser.HtmlTreeBuilderState;org.jsoup.parser.ParseErrorList;org.jsoup.parser.Parser;org.jsoup.parser.ParseSettings;org.jsoup.parser.Tag;org.jsoup.parser.Token;org.jsoup.parser.Tokeniser;org.jsoup.parser.TokeniserState;org.jsoup.parser.TreeBuilder;org.jsoup.parser.XmlTreeBuilder;org.jsoup.safety.Cleaner;org.jsoup.safety.Whitelist;org.jsoup.select.Elements;org.jsoup.select.Evaluator;org.jsoup.select.NodeTraversor;org.jsoup.select.NodeVisitor;org.jsoup.SerializationException","org.jsoup.parser.HtmlParserTest;org.jsoup.safety.CleanerTest"
60,"org.jsoup.helper.StringUtil;org.jsoup.helper.Validate;org.jsoup.parser.TokenQueue;org.jsoup.select.CombiningEvaluator;org.jsoup.select.Evaluator;org.jsoup.select.QueryParser;org.jsoup.select.Selector","org.jsoup.select.QueryParserTest"
61,"org.jsoup.helper.DataUtil;org.jsoup.helper.StringUtil;org.jsoup.helper.Validate;org.jsoup.Jsoup;org.jsoup.nodes.Attribute;org.jsoup.nodes.Attributes;org.jsoup.nodes.BooleanAttribute;org.jsoup.nodes.Comment;org.jsoup.nodes.DataNode;org.jsoup.nodes.Document;org.jsoup.nodes.DocumentType;org.jsoup.nodes.Element;org.jsoup.nodes.Entities;org.jsoup.nodes.FormElement;org.jsoup.nodes.Node;org.jsoup.nodes.TextNode;org.jsoup.nodes.XmlDeclaration;org.jsoup.parser.CharacterReader;org.jsoup.parser.HtmlTreeBuilder;org.jsoup.parser.HtmlTreeBuilderState;org.jsoup.parser.ParseErrorList;org.jsoup.parser.Parser;org.jsoup.parser.ParseSettings;org.jsoup.parser.Tag;org.jsoup.parser.Token;org.jsoup.parser.Tokeniser;org.jsoup.parser.TokeniserState;org.jsoup.parser.TokenQueue;org.jsoup.parser.TreeBuilder;org.jsoup.parser.XmlTreeBuilder;org.jsoup.select.Collector;org.jsoup.select.CombiningEvaluator;org.jsoup.select.Elements;org.jsoup.select.Evaluator;org.jsoup.select.NodeTraversor;org.jsoup.select.NodeVisitor;org.jsoup.select.QueryParser;org.jsoup.select.Selector;org.jsoup.SerializationException","org.jsoup.select.ElementsTest;org.jsoup.select.SelectorTest"
62,"org.jsoup.helper.ChangeNotifyingArrayList;org.jsoup.helper.DataUtil;org.jsoup.helper.StringUtil;org.jsoup.helper.Validate;org.jsoup.nodes.Attribute;org.jsoup.nodes.Attributes;org.jsoup.nodes.BooleanAttribute;org.jsoup.nodes.Comment;org.jsoup.nodes.DataNode;org.jsoup.nodes.Document;org.jsoup.nodes.DocumentType;org.jsoup.nodes.Element;org.jsoup.nodes.Entities;org.jsoup.nodes.FormElement;org.jsoup.nodes.Node;org.jsoup.nodes.TextNode;org.jsoup.nodes.XmlDeclaration;org.jsoup.parser.CharacterReader;org.jsoup.parser.HtmlTreeBuilder;org.jsoup.parser.HtmlTreeBuilderState;org.jsoup.parser.ParseErrorList;org.jsoup.parser.Parser;org.jsoup.parser.ParseSettings;org.jsoup.parser.Tag;org.jsoup.parser.Token;org.jsoup.parser.Tokeniser;org.jsoup.parser.TokeniserState;org.jsoup.parser.TreeBuilder;org.jsoup.parser.XmlTreeBuilder;org.jsoup.select.Evaluator;org.jsoup.select.NodeTraversor;org.jsoup.select.NodeVisitor;org.jsoup.SerializationException","org.jsoup.parser.HtmlParserTest"
63,"org.jsoup.helper.ChangeNotifyingArrayList;org.jsoup.helper.StringUtil;org.jsoup.helper.Validate;org.jsoup.internal.Normalizer;org.jsoup.Jsoup;org.jsoup.nodes.Attribute;org.jsoup.nodes.Attributes;org.jsoup.nodes.BooleanAttribute;org.jsoup.nodes.Comment;org.jsoup.nodes.DataNode;org.jsoup.nodes.Document;org.jsoup.nodes.DocumentType;org.jsoup.nodes.Element;org.jsoup.nodes.Entities;org.jsoup.nodes.FormElement;org.jsoup.nodes.Node;org.jsoup.nodes.TextNode;org.jsoup.nodes.XmlDeclaration;org.jsoup.parser.CharacterReader;org.jsoup.parser.HtmlTreeBuilder;org.jsoup.parser.HtmlTreeBuilderState;org.jsoup.parser.ParseError;org.jsoup.parser.ParseErrorList;org.jsoup.parser.Parser;org.jsoup.parser.ParseSettings;org.jsoup.parser.Tag;org.jsoup.parser.Token;org.jsoup.parser.Tokeniser;org.jsoup.parser.TokeniserState;org.jsoup.parser.TreeBuilder;org.jsoup.parser.XmlTreeBuilder;org.jsoup.safety.Cleaner;org.jsoup.safety.Whitelist;org.jsoup.select.Elements;org.jsoup.select.Evaluator;org.jsoup.select.NodeTraversor;org.jsoup.select.NodeVisitor;org.jsoup.SerializationException;org.jsoup.UncheckedIOException","org.jsoup.parser.HtmlParserTest"
64,"org.jsoup.helper.ChangeNotifyingArrayList;org.jsoup.helper.StringUtil;org.jsoup.helper.Validate;org.jsoup.internal.Normalizer;org.jsoup.Jsoup;org.jsoup.nodes.Attribute;org.jsoup.nodes.Attributes;org.jsoup.nodes.BooleanAttribute;org.jsoup.nodes.Comment;org.jsoup.nodes.DataNode;org.jsoup.nodes.Document;org.jsoup.nodes.DocumentType;org.jsoup.nodes.Element;org.jsoup.nodes.Entities;org.jsoup.nodes.FormElement;org.jsoup.nodes.Node;org.jsoup.nodes.TextNode;org.jsoup.nodes.XmlDeclaration;org.jsoup.parser.CharacterReader;org.jsoup.parser.HtmlTreeBuilder;org.jsoup.parser.HtmlTreeBuilderState;org.jsoup.parser.ParseErrorList;org.jsoup.parser.Parser;org.jsoup.parser.ParseSettings;org.jsoup.parser.Tag;org.jsoup.parser.Token;org.jsoup.parser.Tokeniser;org.jsoup.parser.TokeniserState;org.jsoup.parser.TreeBuilder;org.jsoup.parser.XmlTreeBuilder;org.jsoup.select.Evaluator;org.jsoup.select.NodeTraversor;org.jsoup.select.NodeVisitor;org.jsoup.SerializationException;org.jsoup.UncheckedIOException","org.jsoup.parser.HtmlParserTest;org.jsoup.TextUtil"
65,"org.jsoup.helper.ChangeNotifyingArrayList;org.jsoup.helper.DataUtil;org.jsoup.helper.StringUtil;org.jsoup.helper.Validate;org.jsoup.internal.ConstrainableInputStream;org.jsoup.internal.Normalizer;org.jsoup.Jsoup;org.jsoup.nodes.Attribute;org.jsoup.nodes.Attributes;org.jsoup.nodes.BooleanAttribute;org.jsoup.nodes.Comment;org.jsoup.nodes.DataNode;org.jsoup.nodes.Document;org.jsoup.nodes.DocumentType;org.jsoup.nodes.Element;org.jsoup.nodes.Entities;org.jsoup.nodes.FormElement;org.jsoup.nodes.LeafNode;org.jsoup.nodes.Node;org.jsoup.nodes.TextNode;org.jsoup.nodes.XmlDeclaration;org.jsoup.parser.CharacterReader;org.jsoup.parser.HtmlTreeBuilder;org.jsoup.parser.HtmlTreeBuilderState;org.jsoup.parser.ParseErrorList;org.jsoup.parser.Parser;org.jsoup.parser.ParseSettings;org.jsoup.parser.Tag;org.jsoup.parser.Token;org.jsoup.parser.Tokeniser;org.jsoup.parser.TokeniserState;org.jsoup.parser.TreeBuilder;org.jsoup.parser.XmlTreeBuilder;org.jsoup.select.Collector;org.jsoup.select.Elements;org.jsoup.select.Evaluator;org.jsoup.select.NodeTraversor;org.jsoup.select.NodeVisitor;org.jsoup.SerializationException;org.jsoup.UncheckedIOException","org.jsoup.integration.ParseTest;org.jsoup.parser.HtmlParserTest"
66,"org.jsoup.helper.ChangeNotifyingArrayList;org.jsoup.helper.StringUtil;org.jsoup.helper.Validate;org.jsoup.internal.Normalizer;org.jsoup.Jsoup;org.jsoup.nodes.Attribute;org.jsoup.nodes.Attributes;org.jsoup.nodes.BooleanAttribute;org.jsoup.nodes.Comment;org.jsoup.nodes.DataNode;org.jsoup.nodes.Document;org.jsoup.nodes.DocumentType;org.jsoup.nodes.Element;org.jsoup.nodes.Entities;org.jsoup.nodes.FormElement;org.jsoup.nodes.LeafNode;org.jsoup.nodes.Node;org.jsoup.nodes.TextNode;org.jsoup.nodes.XmlDeclaration;org.jsoup.parser.CharacterReader;org.jsoup.parser.HtmlTreeBuilder;org.jsoup.parser.HtmlTreeBuilderState;org.jsoup.parser.ParseErrorList;org.jsoup.parser.Parser;org.jsoup.parser.ParseSettings;org.jsoup.parser.Tag;org.jsoup.parser.Token;org.jsoup.parser.Tokeniser;org.jsoup.parser.TokeniserState;org.jsoup.parser.TreeBuilder;org.jsoup.parser.XmlTreeBuilder;org.jsoup.select.Elements;org.jsoup.select.Evaluator;org.jsoup.select.NodeTraversor;org.jsoup.select.NodeVisitor;org.jsoup.SerializationException;org.jsoup.UncheckedIOException","org.jsoup.nodes.ElementTest"
67,"org.jsoup.helper.ChangeNotifyingArrayList;org.jsoup.helper.StringUtil;org.jsoup.helper.Validate;org.jsoup.internal.Normalizer;org.jsoup.nodes.Attribute;org.jsoup.nodes.Attributes;org.jsoup.nodes.BooleanAttribute;org.jsoup.nodes.Comment;org.jsoup.nodes.DataNode;org.jsoup.nodes.Document;org.jsoup.nodes.DocumentType;org.jsoup.nodes.Element;org.jsoup.nodes.Entities;org.jsoup.nodes.FormElement;org.jsoup.nodes.LeafNode;org.jsoup.nodes.Node;org.jsoup.nodes.TextNode;org.jsoup.nodes.XmlDeclaration;org.jsoup.parser.CharacterReader;org.jsoup.parser.HtmlTreeBuilder;org.jsoup.parser.HtmlTreeBuilderState;org.jsoup.parser.ParseErrorList;org.jsoup.parser.Parser;org.jsoup.parser.ParseSettings;org.jsoup.parser.Tag;org.jsoup.parser.Token;org.jsoup.parser.Tokeniser;org.jsoup.parser.TokeniserState;org.jsoup.parser.TokenQueue;org.jsoup.parser.TreeBuilder;org.jsoup.parser.XmlTreeBuilder;org.jsoup.select.Collector;org.jsoup.select.CombiningEvaluator;org.jsoup.select.Elements;org.jsoup.select.Evaluator;org.jsoup.select.NodeFilter;org.jsoup.select.NodeTraversor;org.jsoup.select.NodeVisitor;org.jsoup.select.QueryParser;org.jsoup.select.Selector;org.jsoup.SerializationException;org.jsoup.UncheckedIOException","org.jsoup.parser.HtmlParserTest"
68,"org.jsoup.helper.ChangeNotifyingArrayList;org.jsoup.helper.StringUtil;org.jsoup.helper.Validate;org.jsoup.internal.Normalizer;org.jsoup.Jsoup;org.jsoup.nodes.Attribute;org.jsoup.nodes.Attributes;org.jsoup.nodes.BooleanAttribute;org.jsoup.nodes.Comment;org.jsoup.nodes.DataNode;org.jsoup.nodes.Document;org.jsoup.nodes.DocumentType;org.jsoup.nodes.Element;org.jsoup.nodes.Entities;org.jsoup.nodes.FormElement;org.jsoup.nodes.LeafNode;org.jsoup.nodes.Node;org.jsoup.nodes.TextNode;org.jsoup.nodes.XmlDeclaration;org.jsoup.parser.CharacterReader;org.jsoup.parser.HtmlTreeBuilder;org.jsoup.parser.HtmlTreeBuilderState;org.jsoup.parser.ParseErrorList;org.jsoup.parser.Parser;org.jsoup.parser.ParseSettings;org.jsoup.parser.Tag;org.jsoup.parser.Token;org.jsoup.parser.Tokeniser;org.jsoup.parser.TokeniserState;org.jsoup.parser.TokenQueue;org.jsoup.parser.TreeBuilder;org.jsoup.parser.XmlTreeBuilder;org.jsoup.select.Collector;org.jsoup.select.CombiningEvaluator;org.jsoup.select.Elements;org.jsoup.select.Evaluator;org.jsoup.select.NodeFilter;org.jsoup.select.NodeTraversor;org.jsoup.select.NodeVisitor;org.jsoup.select.QueryParser;org.jsoup.select.Selector;org.jsoup.SerializationException;org.jsoup.UncheckedIOException","org.jsoup.parser.HtmlParserTest"
69,"org.jsoup.Connection;org.jsoup.helper.ChangeNotifyingArrayList;org.jsoup.helper.HttpConnection;org.jsoup.helper.StringUtil;org.jsoup.helper.Validate;org.jsoup.internal.Normalizer;org.jsoup.Jsoup;org.jsoup.nodes.Attribute;org.jsoup.nodes.Attributes;org.jsoup.nodes.BooleanAttribute;org.jsoup.nodes.Comment;org.jsoup.nodes.DataNode;org.jsoup.nodes.Document;org.jsoup.nodes.DocumentType;org.jsoup.nodes.Element;org.jsoup.nodes.Entities;org.jsoup.nodes.FormElement;org.jsoup.nodes.LeafNode;org.jsoup.nodes.Node;org.jsoup.nodes.TextNode;org.jsoup.nodes.XmlDeclaration;org.jsoup.parser.CharacterReader;org.jsoup.parser.HtmlTreeBuilder;org.jsoup.parser.HtmlTreeBuilderState;org.jsoup.parser.ParseErrorList;org.jsoup.parser.Parser;org.jsoup.parser.ParseSettings;org.jsoup.parser.Tag;org.jsoup.parser.Token;org.jsoup.parser.Tokeniser;org.jsoup.parser.TokeniserState;org.jsoup.parser.TokenQueue;org.jsoup.parser.TreeBuilder;org.jsoup.parser.XmlTreeBuilder;org.jsoup.select.Collector;org.jsoup.select.CombiningEvaluator;org.jsoup.select.Elements;org.jsoup.select.Evaluator;org.jsoup.select.NodeFilter;org.jsoup.select.NodeTraversor;org.jsoup.select.NodeVisitor;org.jsoup.select.QueryParser;org.jsoup.select.Selector;org.jsoup.SerializationException;org.jsoup.UncheckedIOException","org.jsoup.nodes.FormElementTest"
70,"org.jsoup.helper.ChangeNotifyingArrayList;org.jsoup.helper.StringUtil;org.jsoup.helper.Validate;org.jsoup.internal.Normalizer;org.jsoup.Jsoup;org.jsoup.nodes.Attribute;org.jsoup.nodes.Attributes;org.jsoup.nodes.BooleanAttribute;org.jsoup.nodes.Comment;org.jsoup.nodes.DataNode;org.jsoup.nodes.Document;org.jsoup.nodes.DocumentType;org.jsoup.nodes.Element;org.jsoup.nodes.Entities;org.jsoup.nodes.FormElement;org.jsoup.nodes.LeafNode;org.jsoup.nodes.Node;org.jsoup.nodes.TextNode;org.jsoup.nodes.XmlDeclaration;org.jsoup.parser.CharacterReader;org.jsoup.parser.HtmlTreeBuilder;org.jsoup.parser.HtmlTreeBuilderState;org.jsoup.parser.ParseErrorList;org.jsoup.parser.Parser;org.jsoup.parser.ParseSettings;org.jsoup.parser.Tag;org.jsoup.parser.Token;org.jsoup.parser.Tokeniser;org.jsoup.parser.TokeniserState;org.jsoup.parser.TreeBuilder;org.jsoup.parser.XmlTreeBuilder;org.jsoup.select.Evaluator;org.jsoup.select.NodeTraversor;org.jsoup.select.NodeVisitor;org.jsoup.SerializationException;org.jsoup.UncheckedIOException","org.jsoup.nodes.ElementTest"
71,"org.jsoup.helper.ChangeNotifyingArrayList;org.jsoup.helper.StringUtil;org.jsoup.helper.Validate;org.jsoup.internal.Normalizer;org.jsoup.Jsoup;org.jsoup.nodes.Attribute;org.jsoup.nodes.Attributes;org.jsoup.nodes.BooleanAttribute;org.jsoup.nodes.Comment;org.jsoup.nodes.DataNode;org.jsoup.nodes.Document;org.jsoup.nodes.DocumentType;org.jsoup.nodes.Element;org.jsoup.nodes.Entities;org.jsoup.nodes.FormElement;org.jsoup.nodes.LeafNode;org.jsoup.nodes.Node;org.jsoup.nodes.PseudoTextElement;org.jsoup.nodes.TextNode;org.jsoup.nodes.XmlDeclaration;org.jsoup.parser.CharacterReader;org.jsoup.parser.HtmlTreeBuilder;org.jsoup.parser.HtmlTreeBuilderState;org.jsoup.parser.ParseErrorList;org.jsoup.parser.Parser;org.jsoup.parser.ParseSettings;org.jsoup.parser.Tag;org.jsoup.parser.Token;org.jsoup.parser.Tokeniser;org.jsoup.parser.TokeniserState;org.jsoup.parser.TokenQueue;org.jsoup.parser.TreeBuilder;org.jsoup.parser.XmlTreeBuilder;org.jsoup.select.Collector;org.jsoup.select.CombiningEvaluator;org.jsoup.select.Elements;org.jsoup.select.Evaluator;org.jsoup.select.NodeFilter;org.jsoup.select.NodeTraversor;org.jsoup.select.NodeVisitor;org.jsoup.select.QueryParser;org.jsoup.select.Selector;org.jsoup.select.StructuralEvaluator;org.jsoup.SerializationException;org.jsoup.UncheckedIOException","org.jsoup.MultiLocaleRule;org.jsoup.select.SelectorTest"
72,"org.jsoup.helper.ChangeNotifyingArrayList;org.jsoup.helper.Validate;org.jsoup.internal.Normalizer;org.jsoup.Jsoup;org.jsoup.nodes.Attribute;org.jsoup.nodes.Attributes;org.jsoup.nodes.BooleanAttribute;org.jsoup.nodes.Comment;org.jsoup.nodes.DataNode;org.jsoup.nodes.Document;org.jsoup.nodes.DocumentType;org.jsoup.nodes.Element;org.jsoup.nodes.Entities;org.jsoup.nodes.FormElement;org.jsoup.nodes.LeafNode;org.jsoup.nodes.Node;org.jsoup.nodes.TextNode;org.jsoup.nodes.XmlDeclaration;org.jsoup.parser.CharacterReader;org.jsoup.parser.HtmlTreeBuilder;org.jsoup.parser.HtmlTreeBuilderState;org.jsoup.parser.ParseErrorList;org.jsoup.parser.Parser;org.jsoup.parser.ParseSettings;org.jsoup.parser.Tag;org.jsoup.parser.Token;org.jsoup.parser.Tokeniser;org.jsoup.parser.TokeniserState;org.jsoup.parser.TreeBuilder;org.jsoup.parser.XmlTreeBuilder;org.jsoup.select.Evaluator;org.jsoup.select.NodeVisitor;org.jsoup.SerializationException;org.jsoup.UncheckedIOException","org.jsoup.parser.CharacterReaderTest;org.jsoup.parser.HtmlParserTest"
73,"org.jsoup.helper.ChangeNotifyingArrayList;org.jsoup.helper.DataUtil;org.jsoup.helper.StringUtil;org.jsoup.helper.Validate;org.jsoup.helper.W3CDom;org.jsoup.internal.ConstrainableInputStream;org.jsoup.internal.Normalizer;org.jsoup.Jsoup;org.jsoup.nodes.Attribute;org.jsoup.nodes.Attributes;org.jsoup.nodes.BooleanAttribute;org.jsoup.nodes.Comment;org.jsoup.nodes.DataNode;org.jsoup.nodes.Document;org.jsoup.nodes.DocumentType;org.jsoup.nodes.Element;org.jsoup.nodes.Entities;org.jsoup.nodes.FormElement;org.jsoup.nodes.LeafNode;org.jsoup.nodes.Node;org.jsoup.nodes.TextNode;org.jsoup.nodes.XmlDeclaration;org.jsoup.parser.CharacterReader;org.jsoup.parser.HtmlTreeBuilder;org.jsoup.parser.HtmlTreeBuilderState;org.jsoup.parser.ParseErrorList;org.jsoup.parser.Parser;org.jsoup.parser.ParseSettings;org.jsoup.parser.Tag;org.jsoup.parser.Token;org.jsoup.parser.Tokeniser;org.jsoup.parser.TokeniserState;org.jsoup.parser.TreeBuilder;org.jsoup.parser.XmlTreeBuilder;org.jsoup.select.Evaluator;org.jsoup.select.NodeTraversor;org.jsoup.select.NodeVisitor;org.jsoup.SerializationException;org.jsoup.UncheckedIOException","org.jsoup.helper.W3CDomTest;org.jsoup.integration.ParseTest"
74,"org.jsoup.helper.ChangeNotifyingArrayList;org.jsoup.helper.StringUtil;org.jsoup.helper.Validate;org.jsoup.internal.Normalizer;org.jsoup.Jsoup;org.jsoup.nodes.Attribute;org.jsoup.nodes.Attributes;org.jsoup.nodes.BooleanAttribute;org.jsoup.nodes.Comment;org.jsoup.nodes.DataNode;org.jsoup.nodes.Document;org.jsoup.nodes.DocumentType;org.jsoup.nodes.Element;org.jsoup.nodes.Entities;org.jsoup.nodes.FormElement;org.jsoup.nodes.LeafNode;org.jsoup.nodes.Node;org.jsoup.nodes.TextNode;org.jsoup.nodes.XmlDeclaration;org.jsoup.parser.CharacterReader;org.jsoup.parser.HtmlTreeBuilder;org.jsoup.parser.HtmlTreeBuilderState;org.jsoup.parser.ParseErrorList;org.jsoup.parser.Parser;org.jsoup.parser.ParseSettings;org.jsoup.parser.Tag;org.jsoup.parser.Token;org.jsoup.parser.Tokeniser;org.jsoup.parser.TokeniserState;org.jsoup.parser.TokenQueue;org.jsoup.parser.TreeBuilder;org.jsoup.parser.XmlTreeBuilder;org.jsoup.select.Collector;org.jsoup.select.CombiningEvaluator;org.jsoup.select.Elements;org.jsoup.select.Evaluator;org.jsoup.select.NodeFilter;org.jsoup.select.NodeTraversor;org.jsoup.select.NodeVisitor;org.jsoup.select.QueryParser;org.jsoup.select.Selector;org.jsoup.SerializationException;org.jsoup.UncheckedIOException","org.jsoup.nodes.ElementTest"
75,"org.jsoup.helper.ChangeNotifyingArrayList;org.jsoup.helper.StringUtil;org.jsoup.helper.Validate;org.jsoup.internal.Normalizer;org.jsoup.Jsoup;org.jsoup.nodes.Attribute;org.jsoup.nodes.Attributes;org.jsoup.nodes.BooleanAttribute;org.jsoup.nodes.CDataNode;org.jsoup.nodes.Comment;org.jsoup.nodes.DataNode;org.jsoup.nodes.Document;org.jsoup.nodes.DocumentType;org.jsoup.nodes.Element;org.jsoup.nodes.Entities;org.jsoup.nodes.FormElement;org.jsoup.nodes.LeafNode;org.jsoup.nodes.Node;org.jsoup.nodes.TextNode;org.jsoup.nodes.XmlDeclaration;org.jsoup.parser.CharacterReader;org.jsoup.parser.HtmlTreeBuilder;org.jsoup.parser.HtmlTreeBuilderState;org.jsoup.parser.ParseErrorList;org.jsoup.parser.Parser;org.jsoup.parser.ParseSettings;org.jsoup.parser.Tag;org.jsoup.parser.Token;org.jsoup.parser.Tokeniser;org.jsoup.parser.TokeniserState;org.jsoup.parser.TokenQueue;org.jsoup.parser.TreeBuilder;org.jsoup.parser.XmlTreeBuilder;org.jsoup.select.Collector;org.jsoup.select.CombiningEvaluator;org.jsoup.select.Evaluator;org.jsoup.select.NodeFilter;org.jsoup.select.NodeTraversor;org.jsoup.select.NodeVisitor;org.jsoup.select.QueryParser;org.jsoup.select.Selector;org.jsoup.SerializationException;org.jsoup.UncheckedIOException","org.jsoup.nodes.ElementTest"
76,"org.jsoup.helper.ChangeNotifyingArrayList;org.jsoup.helper.StringUtil;org.jsoup.helper.Validate;org.jsoup.internal.Normalizer;org.jsoup.Jsoup;org.jsoup.nodes.Attribute;org.jsoup.nodes.Attributes;org.jsoup.nodes.BooleanAttribute;org.jsoup.nodes.CDataNode;org.jsoup.nodes.Comment;org.jsoup.nodes.DataNode;org.jsoup.nodes.Document;org.jsoup.nodes.DocumentType;org.jsoup.nodes.Element;org.jsoup.nodes.Entities;org.jsoup.nodes.FormElement;org.jsoup.nodes.LeafNode;org.jsoup.nodes.Node;org.jsoup.nodes.TextNode;org.jsoup.nodes.XmlDeclaration;org.jsoup.parser.CharacterReader;org.jsoup.parser.HtmlTreeBuilder;org.jsoup.parser.HtmlTreeBuilderState;org.jsoup.parser.ParseErrorList;org.jsoup.parser.Parser;org.jsoup.parser.ParseSettings;org.jsoup.parser.Tag;org.jsoup.parser.Token;org.jsoup.parser.Tokeniser;org.jsoup.parser.TokeniserState;org.jsoup.parser.TokenQueue;org.jsoup.parser.TreeBuilder;org.jsoup.parser.XmlTreeBuilder;org.jsoup.select.Collector;org.jsoup.select.CombiningEvaluator;org.jsoup.select.Evaluator;org.jsoup.select.NodeFilter;org.jsoup.select.NodeTraversor;org.jsoup.select.NodeVisitor;org.jsoup.select.QueryParser;org.jsoup.select.Selector;org.jsoup.SerializationException;org.jsoup.UncheckedIOException","org.jsoup.parser.HtmlParserTest"
77,"org.jsoup.helper.ChangeNotifyingArrayList;org.jsoup.helper.StringUtil;org.jsoup.helper.Validate;org.jsoup.internal.Normalizer;org.jsoup.Jsoup;org.jsoup.nodes.Attribute;org.jsoup.nodes.Attributes;org.jsoup.nodes.BooleanAttribute;org.jsoup.nodes.CDataNode;org.jsoup.nodes.Comment;org.jsoup.nodes.Document;org.jsoup.nodes.DocumentType;org.jsoup.nodes.Element;org.jsoup.nodes.Entities;org.jsoup.nodes.LeafNode;org.jsoup.nodes.Node;org.jsoup.nodes.TextNode;org.jsoup.nodes.XmlDeclaration;org.jsoup.parser.CharacterReader;org.jsoup.parser.HtmlTreeBuilder;org.jsoup.parser.ParseErrorList;org.jsoup.parser.Parser;org.jsoup.parser.ParseSettings;org.jsoup.parser.Tag;org.jsoup.parser.Token;org.jsoup.parser.Tokeniser;org.jsoup.parser.TokeniserState;org.jsoup.parser.TreeBuilder;org.jsoup.parser.XmlTreeBuilder;org.jsoup.select.Evaluator;org.jsoup.select.NodeTraversor;org.jsoup.select.NodeVisitor;org.jsoup.SerializationException;org.jsoup.UncheckedIOException","org.jsoup.parser.XmlTreeBuilderTest"
78,"org.jsoup.Connection;org.jsoup.helper.ChangeNotifyingArrayList;org.jsoup.helper.DataUtil;org.jsoup.helper.HttpConnection;org.jsoup.helper.StringUtil;org.jsoup.helper.Validate;org.jsoup.HttpStatusException;org.jsoup.internal.ConstrainableInputStream;org.jsoup.internal.Normalizer;org.jsoup.Jsoup;org.jsoup.nodes.Attribute;org.jsoup.nodes.Attributes;org.jsoup.nodes.BooleanAttribute;org.jsoup.nodes.CDataNode;org.jsoup.nodes.Comment;org.jsoup.nodes.DataNode;org.jsoup.nodes.Document;org.jsoup.nodes.DocumentType;org.jsoup.nodes.Element;org.jsoup.nodes.Entities;org.jsoup.nodes.FormElement;org.jsoup.nodes.LeafNode;org.jsoup.nodes.Node;org.jsoup.nodes.TextNode;org.jsoup.nodes.XmlDeclaration;org.jsoup.parser.CharacterReader;org.jsoup.parser.HtmlTreeBuilder;org.jsoup.parser.HtmlTreeBuilderState;org.jsoup.parser.ParseErrorList;org.jsoup.parser.Parser;org.jsoup.parser.ParseSettings;org.jsoup.parser.Tag;org.jsoup.parser.Token;org.jsoup.parser.Tokeniser;org.jsoup.parser.TokeniserState;org.jsoup.parser.TreeBuilder;org.jsoup.parser.XmlTreeBuilder;org.jsoup.select.Evaluator;org.jsoup.select.NodeVisitor;org.jsoup.SerializationException;org.jsoup.UncheckedIOException;org.jsoup.UnsupportedMimeTypeException","org.jsoup.integration.ConnectTest;org.jsoup.integration.servlets.BaseServlet;org.jsoup.integration.servlets.EchoServlet;org.jsoup.integration.servlets.InterruptedServlet;org.jsoup.integration.TestServer"
79,"org.jsoup.helper.ChangeNotifyingArrayList;org.jsoup.helper.StringUtil;org.jsoup.helper.Validate;org.jsoup.internal.Normalizer;org.jsoup.Jsoup;org.jsoup.nodes.Attribute;org.jsoup.nodes.Attributes;org.jsoup.nodes.BooleanAttribute;org.jsoup.nodes.CDataNode;org.jsoup.nodes.Comment;org.jsoup.nodes.DataNode;org.jsoup.nodes.Document;org.jsoup.nodes.DocumentType;org.jsoup.nodes.Element;org.jsoup.nodes.Entities;org.jsoup.nodes.FormElement;org.jsoup.nodes.LeafNode;org.jsoup.nodes.Node;org.jsoup.nodes.TextNode;org.jsoup.nodes.XmlDeclaration;org.jsoup.parser.CharacterReader;org.jsoup.parser.HtmlTreeBuilder;org.jsoup.parser.HtmlTreeBuilderState;org.jsoup.parser.ParseErrorList;org.jsoup.parser.Parser;org.jsoup.parser.ParseSettings;org.jsoup.parser.Tag;org.jsoup.parser.Token;org.jsoup.parser.Tokeniser;org.jsoup.parser.TokeniserState;org.jsoup.parser.TokenQueue;org.jsoup.parser.TreeBuilder;org.jsoup.parser.XmlTreeBuilder;org.jsoup.select.Collector;org.jsoup.select.CombiningEvaluator;org.jsoup.select.Elements;org.jsoup.select.Evaluator;org.jsoup.select.NodeFilter;org.jsoup.select.NodeTraversor;org.jsoup.select.NodeVisitor;org.jsoup.select.QueryParser;org.jsoup.select.Selector;org.jsoup.SerializationException;org.jsoup.UncheckedIOException","org.jsoup.nodes.TextNodeTest"
80,"org.jsoup.helper.ChangeNotifyingArrayList;org.jsoup.helper.StringUtil;org.jsoup.helper.Validate;org.jsoup.internal.Normalizer;org.jsoup.Jsoup;org.jsoup.nodes.Attribute;org.jsoup.nodes.Attributes;org.jsoup.nodes.BooleanAttribute;org.jsoup.nodes.CDataNode;org.jsoup.nodes.Comment;org.jsoup.nodes.Document;org.jsoup.nodes.DocumentType;org.jsoup.nodes.Element;org.jsoup.nodes.Entities;org.jsoup.nodes.LeafNode;org.jsoup.nodes.Node;org.jsoup.nodes.TextNode;org.jsoup.nodes.XmlDeclaration;org.jsoup.parser.CharacterReader;org.jsoup.parser.HtmlTreeBuilder;org.jsoup.parser.ParseErrorList;org.jsoup.parser.Parser;org.jsoup.parser.ParseSettings;org.jsoup.parser.Tag;org.jsoup.parser.Token;org.jsoup.parser.Tokeniser;org.jsoup.parser.TokeniserState;org.jsoup.parser.TokenQueue;org.jsoup.parser.TreeBuilder;org.jsoup.parser.XmlTreeBuilder;org.jsoup.select.Collector;org.jsoup.select.CombiningEvaluator;org.jsoup.select.Elements;org.jsoup.select.Evaluator;org.jsoup.select.NodeFilter;org.jsoup.select.NodeTraversor;org.jsoup.select.NodeVisitor;org.jsoup.select.QueryParser;org.jsoup.select.Selector;org.jsoup.SerializationException;org.jsoup.UncheckedIOException","org.jsoup.parser.XmlTreeBuilderTest"
81,"org.jsoup.helper.ChangeNotifyingArrayList;org.jsoup.helper.DataUtil;org.jsoup.helper.StringUtil;org.jsoup.helper.Validate;org.jsoup.internal.ConstrainableInputStream;org.jsoup.internal.Normalizer;org.jsoup.Jsoup;org.jsoup.nodes.Attribute;org.jsoup.nodes.Attributes;org.jsoup.nodes.BooleanAttribute;org.jsoup.nodes.CDataNode;org.jsoup.nodes.Comment;org.jsoup.nodes.DataNode;org.jsoup.nodes.Document;org.jsoup.nodes.DocumentType;org.jsoup.nodes.Element;org.jsoup.nodes.Entities;org.jsoup.nodes.FormElement;org.jsoup.nodes.LeafNode;org.jsoup.nodes.Node;org.jsoup.nodes.TextNode;org.jsoup.nodes.XmlDeclaration;org.jsoup.parser.CharacterReader;org.jsoup.parser.HtmlTreeBuilder;org.jsoup.parser.HtmlTreeBuilderState;org.jsoup.parser.ParseErrorList;org.jsoup.parser.Parser;org.jsoup.parser.ParseSettings;org.jsoup.parser.Tag;org.jsoup.parser.Token;org.jsoup.parser.Tokeniser;org.jsoup.parser.TokeniserState;org.jsoup.parser.TokenQueue;org.jsoup.parser.TreeBuilder;org.jsoup.parser.XmlTreeBuilder;org.jsoup.select.Collector;org.jsoup.select.CombiningEvaluator;org.jsoup.select.Elements;org.jsoup.select.Evaluator;org.jsoup.select.NodeFilter;org.jsoup.select.NodeTraversor;org.jsoup.select.NodeVisitor;org.jsoup.select.QueryParser;org.jsoup.select.Selector;org.jsoup.SerializationException;org.jsoup.UncheckedIOException","org.jsoup.helper.DataUtilTest"
82,"org.jsoup.helper.ChangeNotifyingArrayList;org.jsoup.helper.DataUtil;org.jsoup.helper.StringUtil;org.jsoup.helper.Validate;org.jsoup.internal.ConstrainableInputStream;org.jsoup.internal.Normalizer;org.jsoup.Jsoup;org.jsoup.nodes.Attribute;org.jsoup.nodes.Attributes;org.jsoup.nodes.BooleanAttribute;org.jsoup.nodes.CDataNode;org.jsoup.nodes.Comment;org.jsoup.nodes.DataNode;org.jsoup.nodes.Document;org.jsoup.nodes.DocumentType;org.jsoup.nodes.Element;org.jsoup.nodes.Entities;org.jsoup.nodes.FormElement;org.jsoup.nodes.LeafNode;org.jsoup.nodes.Node;org.jsoup.nodes.NodeUtils;org.jsoup.nodes.TextNode;org.jsoup.nodes.XmlDeclaration;org.jsoup.parser.CharacterReader;org.jsoup.parser.HtmlTreeBuilder;org.jsoup.parser.HtmlTreeBuilderState;org.jsoup.parser.ParseErrorList;org.jsoup.parser.Parser;org.jsoup.parser.ParseSettings;org.jsoup.parser.Tag;org.jsoup.parser.Token;org.jsoup.parser.Tokeniser;org.jsoup.parser.TokeniserState;org.jsoup.parser.TokenQueue;org.jsoup.parser.TreeBuilder;org.jsoup.parser.XmlTreeBuilder;org.jsoup.select.Collector;org.jsoup.select.CombiningEvaluator;org.jsoup.select.Elements;org.jsoup.select.Evaluator;org.jsoup.select.NodeFilter;org.jsoup.select.NodeTraversor;org.jsoup.select.NodeVisitor;org.jsoup.select.QueryParser;org.jsoup.select.Selector;org.jsoup.SerializationException;org.jsoup.UncheckedIOException","org.jsoup.parser.HtmlParserTest;org.jsoup.TextUtil"
83,"org.jsoup.helper.ChangeNotifyingArrayList;org.jsoup.helper.StringUtil;org.jsoup.helper.Validate;org.jsoup.internal.Normalizer;org.jsoup.Jsoup;org.jsoup.nodes.Attribute;org.jsoup.nodes.Attributes;org.jsoup.nodes.BooleanAttribute;org.jsoup.nodes.CDataNode;org.jsoup.nodes.Comment;org.jsoup.nodes.DataNode;org.jsoup.nodes.Document;org.jsoup.nodes.DocumentType;org.jsoup.nodes.Element;org.jsoup.nodes.Entities;org.jsoup.nodes.FormElement;org.jsoup.nodes.LeafNode;org.jsoup.nodes.Node;org.jsoup.nodes.NodeUtils;org.jsoup.nodes.TextNode;org.jsoup.nodes.XmlDeclaration;org.jsoup.parser.CharacterReader;org.jsoup.parser.HtmlTreeBuilder;org.jsoup.parser.HtmlTreeBuilderState;org.jsoup.parser.ParseErrorList;org.jsoup.parser.Parser;org.jsoup.parser.ParseSettings;org.jsoup.parser.Tag;org.jsoup.parser.Token;org.jsoup.parser.Tokeniser;org.jsoup.parser.TokeniserState;org.jsoup.parser.TreeBuilder;org.jsoup.parser.XmlTreeBuilder;org.jsoup.select.Evaluator;org.jsoup.select.NodeTraversor;org.jsoup.select.NodeVisitor;org.jsoup.SerializationException;org.jsoup.UncheckedIOException","org.jsoup.parser.HtmlParserTest;org.jsoup.parser.TokeniserStateTest;org.jsoup.TextUtil"
84,"org.jsoup.helper.ChangeNotifyingArrayList;org.jsoup.helper.StringUtil;org.jsoup.helper.Validate;org.jsoup.helper.W3CDom;org.jsoup.internal.Normalizer;org.jsoup.Jsoup;org.jsoup.nodes.Attribute;org.jsoup.nodes.Attributes;org.jsoup.nodes.BooleanAttribute;org.jsoup.nodes.CDataNode;org.jsoup.nodes.Comment;org.jsoup.nodes.DataNode;org.jsoup.nodes.Document;org.jsoup.nodes.DocumentType;org.jsoup.nodes.Element;org.jsoup.nodes.Entities;org.jsoup.nodes.FormElement;org.jsoup.nodes.LeafNode;org.jsoup.nodes.Node;org.jsoup.nodes.TextNode;org.jsoup.nodes.XmlDeclaration;org.jsoup.parser.CharacterReader;org.jsoup.parser.HtmlTreeBuilder;org.jsoup.parser.HtmlTreeBuilderState;org.jsoup.parser.ParseErrorList;org.jsoup.parser.Parser;org.jsoup.parser.ParseSettings;org.jsoup.parser.Tag;org.jsoup.parser.Token;org.jsoup.parser.Tokeniser;org.jsoup.parser.TokeniserState;org.jsoup.parser.TreeBuilder;org.jsoup.parser.XmlTreeBuilder;org.jsoup.select.Evaluator;org.jsoup.select.NodeTraversor;org.jsoup.select.NodeVisitor;org.jsoup.SerializationException;org.jsoup.UncheckedIOException","org.jsoup.helper.W3CDomTest"
85,"org.jsoup.helper.Validate;org.jsoup.nodes.Attribute;org.jsoup.SerializationException","org.jsoup.nodes.AttributeTest"
86,"org.jsoup.helper.ChangeNotifyingArrayList;org.jsoup.helper.Validate;org.jsoup.internal.Normalizer;org.jsoup.internal.StringUtil;org.jsoup.Jsoup;org.jsoup.nodes.Attribute;org.jsoup.nodes.Attributes;org.jsoup.nodes.BooleanAttribute;org.jsoup.nodes.CDataNode;org.jsoup.nodes.Comment;org.jsoup.nodes.Document;org.jsoup.nodes.DocumentType;org.jsoup.nodes.Element;org.jsoup.nodes.Entities;org.jsoup.nodes.LeafNode;org.jsoup.nodes.Node;org.jsoup.nodes.NodeUtils;org.jsoup.nodes.TextNode;org.jsoup.nodes.XmlDeclaration;org.jsoup.parser.CharacterReader;org.jsoup.parser.HtmlTreeBuilder;org.jsoup.parser.ParseErrorList;org.jsoup.parser.Parser;org.jsoup.parser.ParseSettings;org.jsoup.parser.Tag;org.jsoup.parser.Token;org.jsoup.parser.Tokeniser;org.jsoup.parser.TokeniserState;org.jsoup.parser.TreeBuilder;org.jsoup.parser.XmlTreeBuilder;org.jsoup.select.Elements;org.jsoup.select.Evaluator;org.jsoup.select.NodeTraversor;org.jsoup.select.NodeVisitor;org.jsoup.SerializationException;org.jsoup.UncheckedIOException","org.jsoup.parser.XmlTreeBuilderTest"
87,"org.jsoup.helper.ChangeNotifyingArrayList;org.jsoup.helper.Validate;org.jsoup.internal.Normalizer;org.jsoup.internal.StringUtil;org.jsoup.nodes.Attribute;org.jsoup.nodes.Attributes;org.jsoup.nodes.BooleanAttribute;org.jsoup.nodes.CDataNode;org.jsoup.nodes.Comment;org.jsoup.nodes.DataNode;org.jsoup.nodes.Document;org.jsoup.nodes.DocumentType;org.jsoup.nodes.Element;org.jsoup.nodes.Entities;org.jsoup.nodes.FormElement;org.jsoup.nodes.LeafNode;org.jsoup.nodes.Node;org.jsoup.nodes.NodeUtils;org.jsoup.nodes.TextNode;org.jsoup.nodes.XmlDeclaration;org.jsoup.parser.CharacterReader;org.jsoup.parser.HtmlTreeBuilder;org.jsoup.parser.HtmlTreeBuilderState;org.jsoup.parser.ParseErrorList;org.jsoup.parser.Parser;org.jsoup.parser.ParseSettings;org.jsoup.parser.Tag;org.jsoup.parser.Token;org.jsoup.parser.Tokeniser;org.jsoup.parser.TokeniserState;org.jsoup.parser.TreeBuilder;org.jsoup.parser.XmlTreeBuilder;org.jsoup.select.Evaluator;org.jsoup.select.NodeTraversor;org.jsoup.select.NodeVisitor;org.jsoup.SerializationException;org.jsoup.UncheckedIOException","org.jsoup.parser.HtmlParserTest"
88,"org.jsoup.helper.ChangeNotifyingArrayList;org.jsoup.helper.Validate;org.jsoup.internal.Normalizer;org.jsoup.internal.StringUtil;org.jsoup.Jsoup;org.jsoup.nodes.Attribute;org.jsoup.nodes.Attributes;org.jsoup.nodes.BooleanAttribute;org.jsoup.nodes.CDataNode;org.jsoup.nodes.Comment;org.jsoup.nodes.DataNode;org.jsoup.nodes.Document;org.jsoup.nodes.DocumentType;org.jsoup.nodes.Element;org.jsoup.nodes.Entities;org.jsoup.nodes.FormElement;org.jsoup.nodes.LeafNode;org.jsoup.nodes.Node;org.jsoup.nodes.TextNode;org.jsoup.nodes.XmlDeclaration;org.jsoup.parser.CharacterReader;org.jsoup.parser.HtmlTreeBuilder;org.jsoup.parser.HtmlTreeBuilderState;org.jsoup.parser.ParseErrorList;org.jsoup.parser.Parser;org.jsoup.parser.ParseSettings;org.jsoup.parser.Tag;org.jsoup.parser.Token;org.jsoup.parser.Tokeniser;org.jsoup.parser.TokeniserState;org.jsoup.parser.TreeBuilder;org.jsoup.parser.XmlTreeBuilder;org.jsoup.select.Evaluator;org.jsoup.select.NodeVisitor;org.jsoup.SerializationException;org.jsoup.UncheckedIOException","org.jsoup.nodes.AttributeTest"
89,"org.jsoup.helper.Validate;org.jsoup.nodes.Attribute;org.jsoup.nodes.Attributes;org.jsoup.nodes.BooleanAttribute;org.jsoup.SerializationException","org.jsoup.nodes.AttributeTest"
90,"org.jsoup.Connection;org.jsoup.helper.HttpConnection;org.jsoup.helper.Validate;org.jsoup.nodes.Attribute;org.jsoup.nodes.Attributes;org.jsoup.nodes.BooleanAttribute;org.jsoup.nodes.CDataNode;org.jsoup.nodes.Comment;org.jsoup.nodes.DataNode;org.jsoup.nodes.Element;org.jsoup.nodes.FormElement;org.jsoup.nodes.LeafNode;org.jsoup.nodes.Node;org.jsoup.nodes.TextNode;org.jsoup.parser.HtmlTreeBuilder;org.jsoup.parser.ParseErrorList;org.jsoup.parser.Parser;org.jsoup.parser.ParseSettings;org.jsoup.parser.Token;org.jsoup.parser.TreeBuilder;org.jsoup.parser.XmlTreeBuilder;org.jsoup.SerializationException","org.jsoup.helper.HttpConnectionTest;org.jsoup.MultiLocaleRule"
91,"org.jsoup.Connection;org.jsoup.helper.DataUtil;org.jsoup.helper.HttpConnection;org.jsoup.helper.Validate;org.jsoup.HttpStatusException;org.jsoup.internal.ConstrainableInputStream;org.jsoup.internal.Normalizer;org.jsoup.internal.StringUtil;org.jsoup.Jsoup;org.jsoup.nodes.Attribute;org.jsoup.nodes.Attributes;org.jsoup.nodes.BooleanAttribute;org.jsoup.nodes.CDataNode;org.jsoup.nodes.Comment;org.jsoup.nodes.DataNode;org.jsoup.nodes.Document;org.jsoup.nodes.Element;org.jsoup.nodes.Entities;org.jsoup.nodes.FormElement;org.jsoup.nodes.LeafNode;org.jsoup.nodes.Node;org.jsoup.nodes.TextNode;org.jsoup.nodes.XmlDeclaration;org.jsoup.parser.CharacterReader;org.jsoup.parser.HtmlTreeBuilder;org.jsoup.parser.ParseErrorList;org.jsoup.parser.Parser;org.jsoup.parser.ParseSettings;org.jsoup.parser.Tag;org.jsoup.parser.Token;org.jsoup.parser.TreeBuilder;org.jsoup.parser.XmlTreeBuilder;org.jsoup.select.Evaluator;org.jsoup.select.NodeVisitor;org.jsoup.SerializationException;org.jsoup.UncheckedIOException;org.jsoup.UnsupportedMimeTypeException","org.jsoup.integration.ConnectTest;org.jsoup.integration.ParseTest;org.jsoup.integration.servlets.BaseServlet;org.jsoup.integration.servlets.EchoServlet;org.jsoup.integration.servlets.FileServlet;org.jsoup.integration.TestServer"
92,"org.jsoup.helper.ChangeNotifyingArrayList;org.jsoup.helper.Validate;org.jsoup.internal.Normalizer;org.jsoup.internal.StringUtil;org.jsoup.nodes.Attribute;org.jsoup.nodes.Attributes;org.jsoup.nodes.BooleanAttribute;org.jsoup.nodes.CDataNode;org.jsoup.nodes.Comment;org.jsoup.nodes.DataNode;org.jsoup.nodes.Document;org.jsoup.nodes.DocumentType;org.jsoup.nodes.Element;org.jsoup.nodes.Entities;org.jsoup.nodes.EntitiesData;org.jsoup.nodes.FormElement;org.jsoup.nodes.LeafNode;org.jsoup.nodes.Node;org.jsoup.nodes.NodeUtils;org.jsoup.nodes.TextNode;org.jsoup.nodes.XmlDeclaration;org.jsoup.parser.CharacterReader;org.jsoup.parser.HtmlTreeBuilder;org.jsoup.parser.HtmlTreeBuilderState;org.jsoup.parser.ParseError;org.jsoup.parser.ParseErrorList;org.jsoup.parser.Parser;org.jsoup.parser.ParseSettings;org.jsoup.parser.Tag;org.jsoup.parser.Token;org.jsoup.parser.Tokeniser;org.jsoup.parser.TokeniserState;org.jsoup.parser.TokenQueue;org.jsoup.parser.TreeBuilder;org.jsoup.parser.XmlTreeBuilder;org.jsoup.select.Collector;org.jsoup.select.CombiningEvaluator;org.jsoup.select.Evaluator;org.jsoup.select.NodeFilter;org.jsoup.select.NodeTraversor;org.jsoup.select.NodeVisitor;org.jsoup.select.QueryParser;org.jsoup.select.Selector;org.jsoup.SerializationException;org.jsoup.UncheckedIOException","org.jsoup.parser.HtmlParserTest;org.jsoup.parser.XmlTreeBuilderTest"
93,"org.jsoup.Connection;org.jsoup.helper.ChangeNotifyingArrayList;org.jsoup.helper.HttpConnection;org.jsoup.helper.Validate;org.jsoup.internal.Normalizer;org.jsoup.internal.StringUtil;org.jsoup.Jsoup;org.jsoup.nodes.Attribute;org.jsoup.nodes.Attributes;org.jsoup.nodes.BooleanAttribute;org.jsoup.nodes.CDataNode;org.jsoup.nodes.Comment;org.jsoup.nodes.DataNode;org.jsoup.nodes.Document;org.jsoup.nodes.DocumentType;org.jsoup.nodes.Element;org.jsoup.nodes.Entities;org.jsoup.nodes.EntitiesData;org.jsoup.nodes.FormElement;org.jsoup.nodes.LeafNode;org.jsoup.nodes.Node;org.jsoup.nodes.TextNode;org.jsoup.nodes.XmlDeclaration;org.jsoup.parser.CharacterReader;org.jsoup.parser.HtmlTreeBuilder;org.jsoup.parser.HtmlTreeBuilderState;org.jsoup.parser.ParseErrorList;org.jsoup.parser.Parser;org.jsoup.parser.ParseSettings;org.jsoup.parser.Tag;org.jsoup.parser.Token;org.jsoup.parser.Tokeniser;org.jsoup.parser.TokeniserState;org.jsoup.parser.TokenQueue;org.jsoup.parser.TreeBuilder;org.jsoup.parser.XmlTreeBuilder;org.jsoup.select.Collector;org.jsoup.select.CombiningEvaluator;org.jsoup.select.Elements;org.jsoup.select.Evaluator;org.jsoup.select.NodeFilter;org.jsoup.select.NodeTraversor;org.jsoup.select.NodeVisitor;org.jsoup.select.QueryParser;org.jsoup.select.Selector;org.jsoup.SerializationException;org.jsoup.UncheckedIOException","org.jsoup.nodes.FormElementTest"
