1,"org.apache.commons.lang3.math.NumberUtils;org.apache.commons.lang3.StringUtils","org.apache.commons.lang3.math.NumberUtilsTest","org.apache.commons.lang3.math.NumberUtilsTest::TestLang747"
3,"org.apache.commons.lang3.math.NumberUtils;org.apache.commons.lang3.StringUtils","org.apache.commons.lang3.math.NumberUtilsTest","org.apache.commons.lang3.math.NumberUtilsTest::testStringCreateNumberEnsureNoPrecisionLoss"
4,"org.apache.commons.lang3.text.translate.AggregateTranslator;org.apache.commons.lang3.text.translate.CharSequenceTranslator;org.apache.commons.lang3.text.translate.LookupTranslator","org.apache.commons.lang3.text.translate.LookupTranslatorTest","org.apache.commons.lang3.text.translate.LookupTranslatorTest::testLang882"
5,"org.apache.commons.lang3.LocaleUtils","org.apache.commons.lang3.LocaleUtilsTest","org.apache.commons.lang3.LocaleUtilsTest::testLang865"
6,"org.apache.commons.lang3.ArrayUtils;org.apache.commons.lang3.StringEscapeUtils;org.apache.commons.lang3.StringUtils;org.apache.commons.lang3.text.translate.AggregateTranslator;org.apache.commons.lang3.text.translate.CharSequenceTranslator;org.apache.commons.lang3.text.translate.CodePointTranslator;org.apache.commons.lang3.text.translate.EntityArrays;org.apache.commons.lang3.text.translate.LookupTranslator;org.apache.commons.lang3.text.translate.NumericEntityUnescaper;org.apache.commons.lang3.text.translate.OctalUnescaper;org.apache.commons.lang3.text.translate.UnicodeEscaper;org.apache.commons.lang3.text.translate.UnicodeUnescaper","org.apache.commons.lang3.StringUtilsTest","org.apache.commons.lang3.StringUtilsTest::testEscapeSurrogatePairs"
7,"org.apache.commons.lang3.JavaVersion;org.apache.commons.lang3.math.NumberUtils;org.apache.commons.lang3.StringUtils;org.apache.commons.lang3.SystemUtils","org.apache.commons.lang3.math.NumberUtilsTest","org.apache.commons.lang3.math.NumberUtilsTest::testCreateNumber"
8,"org.apache.commons.lang3.time.DateParser;org.apache.commons.lang3.time.DatePrinter;org.apache.commons.lang3.time.FastDateFormat;org.apache.commons.lang3.time.FastDateParser;org.apache.commons.lang3.time.FastDatePrinter;org.apache.commons.lang3.time.FormatCache","org.apache.commons.lang3.time.FastDateFormat_PrinterTest;org.apache.commons.lang3.time.FastDatePrinterTest","org.apache.commons.lang3.time.FastDateFormat_PrinterTest::testCalendarTimezoneRespected;org.apache.commons.lang3.time.FastDatePrinterTest::testCalendarTimezoneRespected"
9,"org.apache.commons.lang3.time.DateParser;org.apache.commons.lang3.time.DatePrinter;org.apache.commons.lang3.time.FastDateFormat;org.apache.commons.lang3.time.FastDateParser;org.apache.commons.lang3.time.FastDatePrinter;org.apache.commons.lang3.time.FormatCache","org.apache.commons.lang3.time.FastDateFormat_ParserTest;org.apache.commons.lang3.time.FastDateParserTest","org.apache.commons.lang3.time.FastDateFormat_ParserTest::testLANG_832;org.apache.commons.lang3.time.FastDateParserTest::testLANG_832"
10,"org.apache.commons.lang3.time.DateParser;org.apache.commons.lang3.time.DatePrinter;org.apache.commons.lang3.time.FastDateFormat;org.apache.commons.lang3.time.FastDateParser;org.apache.commons.lang3.time.FastDatePrinter;org.apache.commons.lang3.time.FormatCache","org.apache.commons.lang3.time.FastDateFormat_ParserTest;org.apache.commons.lang3.time.FastDateParserTest","org.apache.commons.lang3.time.FastDateFormat_ParserTest::testLANG_831;org.apache.commons.lang3.time.FastDateParserTest::testLANG_831"
11,"org.apache.commons.lang3.RandomStringUtils","org.apache.commons.lang3.RandomStringUtilsTest","org.apache.commons.lang3.RandomStringUtilsTest::testLANG807"
12,"org.apache.commons.lang3.RandomStringUtils","org.apache.commons.lang3.RandomStringUtilsTest","org.apache.commons.lang3.RandomStringUtilsTest::testExceptions;org.apache.commons.lang3.RandomStringUtilsTest::testLANG805"
13,"org.apache.commons.lang3.SerializationException;org.apache.commons.lang3.SerializationUtils","org.apache.commons.lang3.SerializationUtilsTest","org.apache.commons.lang3.SerializationUtilsTest::testPrimitiveTypeClassSerialization"
14,"org.apache.commons.lang3.CharSequenceUtils;org.apache.commons.lang3.StringUtils","org.apache.commons.lang3.StringUtilsEqualsIndexOfTest","org.apache.commons.lang3.StringUtilsEqualsIndexOfTest::testEquals"
15,"org.apache.commons.lang3.ArrayUtils;org.apache.commons.lang3.ClassUtils;org.apache.commons.lang3.JavaVersion;org.apache.commons.lang3.reflect.TypeUtils;org.apache.commons.lang3.StringEscapeUtils;org.apache.commons.lang3.SystemUtils;org.apache.commons.lang3.text.translate.AggregateTranslator;org.apache.commons.lang3.text.translate.CharSequenceTranslator;org.apache.commons.lang3.text.translate.CodePointTranslator;org.apache.commons.lang3.text.translate.EntityArrays;org.apache.commons.lang3.text.translate.LookupTranslator;org.apache.commons.lang3.text.translate.NumericEntityUnescaper;org.apache.commons.lang3.text.translate.OctalUnescaper;org.apache.commons.lang3.text.translate.UnicodeEscaper;org.apache.commons.lang3.text.translate.UnicodeUnescaper","org.apache.commons.lang3.reflect.TypeUtilsTest","org.apache.commons.lang3.reflect.TypeUtilsTest::testGetTypeArguments;org.apache.commons.lang3.reflect.TypeUtilsTest::testIsAssignable"
16,"org.apache.commons.lang3.JavaVersion;org.apache.commons.lang3.math.NumberUtils;org.apache.commons.lang3.StringUtils;org.apache.commons.lang3.SystemUtils","org.apache.commons.lang3.math.NumberUtilsTest","org.apache.commons.lang3.math.NumberUtilsTest::testCreateNumber"
17,"org.apache.commons.lang3.ArrayUtils;org.apache.commons.lang3.StringEscapeUtils;org.apache.commons.lang3.text.translate.AggregateTranslator;org.apache.commons.lang3.text.translate.CharSequenceTranslator;org.apache.commons.lang3.text.translate.CodePointTranslator;org.apache.commons.lang3.text.translate.EntityArrays;org.apache.commons.lang3.text.translate.LookupTranslator;org.apache.commons.lang3.text.translate.NumericEntityUnescaper;org.apache.commons.lang3.text.translate.OctalUnescaper;org.apache.commons.lang3.text.translate.UnicodeEscaper;org.apache.commons.lang3.text.translate.UnicodeUnescaper","org.apache.commons.lang3.StringEscapeUtilsTest","org.apache.commons.lang3.StringEscapeUtilsTest::testLang720"
18,"org.apache.commons.lang3.time.FastDateFormat;org.apache.commons.lang3.time.FormatCache;org.apache.commons.lang3.Validate","org.apache.commons.lang3.time.FastDateFormatTest","org.apache.commons.lang3.time.FastDateFormatTest::testFormat"
19,"org.apache.commons.lang3.text.translate.AggregateTranslator;org.apache.commons.lang3.text.translate.CharSequenceTranslator;org.apache.commons.lang3.text.translate.NumericEntityUnescaper","org.apache.commons.lang3.text.translate.NumericEntityUnescaperTest","org.apache.commons.lang3.text.translate.NumericEntityUnescaperTest::testUnfinishedEntity;org.apache.commons.lang3.text.translate.NumericEntityUnescaperTest::testOutOfBounds"
20,"org.apache.commons.lang3.StringUtils","org.apache.commons.lang3.StringUtilsTest","org.apache.commons.lang3.StringUtilsTest::testJoin_ArrayChar;org.apache.commons.lang3.StringUtilsTest::testJoin_Objectarray"
21,"org.apache.commons.lang3.time.DateUtils","org.apache.commons.lang3.time.DateUtilsTest","org.apache.commons.lang3.time.DateUtilsTest::testIsSameLocalTime_Cal"
22,"org.apache.commons.lang3.math.Fraction","org.apache.commons.lang3.math.FractionTest","org.apache.commons.lang3.math.FractionTest::testReducedFactory_int_int;org.apache.commons.lang3.math.FractionTest::testReduce"
23,"org.apache.commons.lang3.exception.CloneFailedException;org.apache.commons.lang3.ObjectUtils;org.apache.commons.lang3.text.ExtendedMessageFormat;org.apache.commons.lang3.text.FormatFactory;org.apache.commons.lang3.text.StrMatcher;org.apache.commons.lang3.Validate","org.apache.commons.lang3.text.ExtendedMessageFormatTest","org.apache.commons.lang3.text.ExtendedMessageFormatTest::testEqualsHashcode"
24,"org.apache.commons.lang3.math.NumberUtils;org.apache.commons.lang3.StringUtils","org.apache.commons.lang3.math.NumberUtilsTest","org.apache.commons.lang3.math.NumberUtilsTest::testIsNumber"
25,"org.apache.commons.lang3.text.translate.EntityArrays","org.apache.commons.lang3.text.translate.EntityArraysTest","org.apache.commons.lang3.text.translate.EntityArraysTest::testISO8859_1_ESCAPE"
26,"org.apache.commons.lang3.time.FastDateFormat","org.apache.commons.lang3.time.FastDateFormatTest","org.apache.commons.lang3.time.FastDateFormatTest::testLang645"
27,"org.apache.commons.lang3.math.NumberUtils;org.apache.commons.lang3.StringUtils;org.apache.commons.lang3.SystemUtils","org.apache.commons.lang3.math.NumberUtilsTest","org.apache.commons.lang3.math.NumberUtilsTest::testCreateNumber"
28,"org.apache.commons.lang3.text.translate.AggregateTranslator;org.apache.commons.lang3.text.translate.CharSequenceTranslator;org.apache.commons.lang3.text.translate.NumericEntityUnescaper","org.apache.commons.lang3.text.translate.NumericEntityUnescaperTest","org.apache.commons.lang3.text.translate.NumericEntityUnescaperTest::testSupplementaryUnescaping"
29,"org.apache.commons.lang3.ArrayUtils;org.apache.commons.lang3.SystemUtils","org.apache.commons.lang3.SystemUtilsTest","org.apache.commons.lang3.SystemUtilsTest::testJavaVersionAsInt"
30,"org.apache.commons.lang3.ArrayUtils;org.apache.commons.lang3.StringUtils","org.apache.commons.lang3.StringUtilsEqualsIndexOfTest","org.apache.commons.lang3.StringUtilsEqualsIndexOfTest::testContainsNone_CharArrayWithSupplementaryChars;org.apache.commons.lang3.StringUtilsEqualsIndexOfTest::testContainsNone_StringWithSupplementaryChars;org.apache.commons.lang3.StringUtilsEqualsIndexOfTest::testContainsAny_StringCharArrayWithBadSupplementaryChars;org.apache.commons.lang3.StringUtilsEqualsIndexOfTest::testIndexOfAnyBut_StringStringWithSupplementaryChars;org.apache.commons.lang3.StringUtilsEqualsIndexOfTest::testContainsAny_StringWithBadSupplementaryChars;org.apache.commons.lang3.StringUtilsEqualsIndexOfTest::testIndexOfAny_StringCharArrayWithSupplementaryChars;org.apache.commons.lang3.StringUtilsEqualsIndexOfTest::testIndexOfAnyBut_StringCharArrayWithSupplementaryChars;org.apache.commons.lang3.StringUtilsEqualsIndexOfTest::testContainsNone_StringWithBadSupplementaryChars;org.apache.commons.lang3.StringUtilsEqualsIndexOfTest::testIndexOfAny_StringStringWithSupplementaryChars;org.apache.commons.lang3.StringUtilsEqualsIndexOfTest::testContainsNone_CharArrayWithBadSupplementaryChars"
31,"org.apache.commons.lang3.ArrayUtils;org.apache.commons.lang3.StringUtils","org.apache.commons.lang3.StringUtilsEqualsIndexOfTest","org.apache.commons.lang3.StringUtilsEqualsIndexOfTest::testContainsAnyCharArrayWithSupplementaryChars;org.apache.commons.lang3.StringUtilsEqualsIndexOfTest::testContainsAnyStringWithSupplementaryChars"
32,"org.apache.commons.lang3.ArrayUtils;org.apache.commons.lang3.builder.HashCodeBuilder;org.apache.commons.lang3.builder.IDKey","org.apache.commons.lang3.builder.HashCodeBuilderTest","org.apache.commons.lang3.builder.HashCodeBuilderTest::testReflectionObjectCycle"
33,"org.apache.commons.lang3.ArrayUtils;org.apache.commons.lang3.ClassUtils","org.apache.commons.lang3.ClassUtilsTest","org.apache.commons.lang3.ClassUtilsTest::testToClass_object"
34,"org.apache.commons.lang3.builder.ReflectionToStringBuilder;org.apache.commons.lang3.builder.ToStringBuilder;org.apache.commons.lang3.builder.ToStringStyle;org.apache.commons.lang3.ObjectUtils;org.apache.commons.lang3.SystemUtils","org.apache.commons.lang3.builder.ToStringBuilderTest","org.apache.commons.lang3.builder.ToStringBuilderTest::testObjectCycle;org.apache.commons.lang3.builder.ToStringBuilderTest::testReflectionHierarchy;org.apache.commons.lang3.builder.ToStringBuilderTest::testSelfInstanceTwoVarsReflectionObjectCycle;org.apache.commons.lang3.builder.ToStringBuilderTest::testReflectionArrayCycle;org.apache.commons.lang3.builder.ToStringBuilderTest::testReflectionLongArrayArray;org.apache.commons.lang3.builder.ToStringBuilderTest::testReflectionArrayArrayCycle;org.apache.commons.lang3.builder.ToStringBuilderTest::testReflectionFloatArray;org.apache.commons.lang3.builder.ToStringBuilderTest::testReflectionDoubleArrayArray;org.apache.commons.lang3.builder.ToStringBuilderTest::testReflectionBooleanArray;org.apache.commons.lang3.builder.ToStringBuilderTest::testReflectionyteArray;org.apache.commons.lang3.builder.ToStringBuilderTest::testReflectionDoubleArray;org.apache.commons.lang3.builder.ToStringBuilderTest::testReflectionIntArrayArray;org.apache.commons.lang3.builder.ToStringBuilderTest::testReflectionLongArray;org.apache.commons.lang3.builder.ToStringBuilderTest::testReflectionhortArrayArray;org.apache.commons.lang3.builder.ToStringBuilderTest::testReflectionObjectArray;org.apache.commons.lang3.builder.ToStringBuilderTest::testReflectionObjectCycle;org.apache.commons.lang3.builder.ToStringBuilderTest::testReflectionBooleanArrayArray;org.apache.commons.lang3.builder.ToStringBuilderTest::testSimpleReflectionObjectCycle;org.apache.commons.lang3.builder.ToStringBuilderTest::testReflectionByteArrayArray;org.apache.commons.lang3.builder.ToStringBuilderTest::testReflectionArrayCycleLevel2;org.apache.commons.lang3.builder.ToStringBuilderTest::testReflectionArrayAndObjectCycle;org.apache.commons.lang3.builder.ToStringBuilderTest::testReflectionCharArrayArray;org.apache.commons.lang3.builder.ToStringBuilderTest::testReflectionShortArray;org.apache.commons.lang3.builder.ToStringBuilderTest::testSelfInstanceVarReflectionObjectCycle;org.apache.commons.lang3.builder.ToStringBuilderTest::testReflectionIntArray;org.apache.commons.lang3.builder.ToStringBuilderTest::testReflectionCharArray;org.apache.commons.lang3.builder.ToStringBuilderTest::testReflectionFloatArrayArray"
35,"org.apache.commons.lang3.ArrayUtils","org.apache.commons.lang3.ArrayUtilsAddTest","org.apache.commons.lang3.ArrayUtilsAddTest::testLANG571"
36,"org.apache.commons.lang3.math.NumberUtils;org.apache.commons.lang3.StringUtils;org.apache.commons.lang3.SystemUtils","org.apache.commons.lang3.math.NumberUtilsTest","org.apache.commons.lang3.math.NumberUtilsTest::testCreateNumber;org.apache.commons.lang3.math.NumberUtilsTest::testIsNumber"
37,"org.apache.commons.lang3.ArrayUtils","org.apache.commons.lang3.ArrayUtilsAddTest","org.apache.commons.lang3.ArrayUtilsAddTest::testJira567"
38,"org.apache.commons.lang3.time.FastDateFormat;org.apache.commons.lang3.Validate","org.apache.commons.lang3.time.FastDateFormatTest","org.apache.commons.lang3.time.FastDateFormatTest::testLang538"
39,"org.apache.commons.lang3.StringUtils","org.apache.commons.lang3.StringUtilsTest","org.apache.commons.lang3.StringUtilsTest::testReplace_StringStringArrayStringArray"
40,"org.apache.commons.lang.StringUtils","org.apache.commons.lang.StringUtilsEqualsIndexOfTest","org.apache.commons.lang.StringUtilsEqualsIndexOfTest::testContainsIgnoreCase_LocaleIndependence"
41,"org.apache.commons.lang.ClassUtils","org.apache.commons.lang.ClassUtilsTest","org.apache.commons.lang.ClassUtilsTest::test_getShortClassName_Class;org.apache.commons.lang.ClassUtilsTest::test_getPackageName_Class"
42,"org.apache.commons.lang.Entities;org.apache.commons.lang.exception.Nestable;org.apache.commons.lang.exception.NestableRuntimeException;org.apache.commons.lang.IntHashMap;org.apache.commons.lang.StringEscapeUtils;org.apache.commons.lang.UnhandledException","org.apache.commons.lang.StringEscapeUtilsTest","org.apache.commons.lang.StringEscapeUtilsTest::testEscapeHtmlHighUnicode"
43,"org.apache.commons.lang.text.ExtendedMessageFormat;org.apache.commons.lang.text.FormatFactory;org.apache.commons.lang.text.StrMatcher;org.apache.commons.lang.Validate","org.apache.commons.lang.text.ExtendedMessageFormatTest","org.apache.commons.lang.text.ExtendedMessageFormatTest::testEscapedQuote_LANG_477"
44,"org.apache.commons.lang.NumberUtils","org.apache.commons.lang.NumberUtilsTest","org.apache.commons.lang.NumberUtilsTest::testLang457"
45,"org.apache.commons.lang.StringUtils;org.apache.commons.lang.WordUtils","org.apache.commons.lang.WordUtilsTest","org.apache.commons.lang.WordUtilsTest::testAbbreviate"
46,"org.apache.commons.lang.exception.Nestable;org.apache.commons.lang.exception.NestableRuntimeException;org.apache.commons.lang.StringEscapeUtils","org.apache.commons.lang.StringEscapeUtilsTest","org.apache.commons.lang.StringEscapeUtilsTest::testEscapeJavaWithSlash"
47,"org.apache.commons.lang.text.StrBuilder;org.apache.commons.lang.text.StrMatcher;org.apache.commons.lang.text.StrTokenizer","org.apache.commons.lang.text.StrBuilderTest","org.apache.commons.lang.text.StrBuilderTest::testLang412Left;org.apache.commons.lang.text.StrBuilderTest::testLang412Right"
48,"org.apache.commons.lang.builder.EqualsBuilder","org.apache.commons.lang.builder.EqualsBuilderTest","org.apache.commons.lang.builder.EqualsBuilderTest::testBigDecimal"
49,"org.apache.commons.lang.math.Fraction","org.apache.commons.lang.math.FractionTest","org.apache.commons.lang.math.FractionTest::testReduce"
50,"org.apache.commons.lang.time.FastDateFormat","org.apache.commons.lang.time.FastDateFormatTest","org.apache.commons.lang.time.FastDateFormatTest::test_changeDefault_Locale_DateInstance;org.apache.commons.lang.time.FastDateFormatTest::test_changeDefault_Locale_DateTimeInstance"
51,"org.apache.commons.lang.BooleanUtils","org.apache.commons.lang.BooleanUtilsTest","org.apache.commons.lang.BooleanUtilsTest::test_toBoolean_String"
52,"org.apache.commons.lang.exception.Nestable;org.apache.commons.lang.exception.NestableRuntimeException;org.apache.commons.lang.StringEscapeUtils","org.apache.commons.lang.StringEscapeUtilsTest","org.apache.commons.lang.StringEscapeUtilsTest::testEscapeJavaScript"
53,"org.apache.commons.lang.time.DateUtils","org.apache.commons.lang.time.DateUtilsTest","org.apache.commons.lang.time.DateUtilsTest::testRoundLang346"
54,"org.apache.commons.lang.LocaleUtils","org.apache.commons.lang.LocaleUtilsTest","org.apache.commons.lang.LocaleUtilsTest::testLang328"
55,"org.apache.commons.lang.time.StopWatch","org.apache.commons.lang.time.StopWatchTest","org.apache.commons.lang.time.StopWatchTest::testLang315"
56,"org.apache.commons.lang.exception.Nestable;org.apache.commons.lang.exception.NestableRuntimeException;org.apache.commons.lang.SerializationException;org.apache.commons.lang.SerializationUtils;org.apache.commons.lang.time.FastDateFormat","org.apache.commons.lang.time.FastDateFormatTest","org.apache.commons.lang.time.FastDateFormatTest::testLang303"
57,"org.apache.commons.lang.LocaleUtils;org.apache.commons.lang.SystemUtils","org.apache.commons.lang.LocaleUtilsTest","org.apache.commons.lang.LocaleUtilsTest::testAvailableLocaleSet;org.apache.commons.lang.LocaleUtilsTest::testIsAvailableLocale;org.apache.commons.lang.LocaleUtilsTest::testAvailableLocaleList;org.apache.commons.lang.LocaleUtilsTest::testCountriesByLanguage;org.apache.commons.lang.LocaleUtilsTest::testLocaleLookupList_LocaleLocale;org.apache.commons.lang.LocaleUtilsTest::testLanguagesByCountry;org.apache.commons.lang.LocaleUtilsTest::testToLocale_1Part;org.apache.commons.lang.LocaleUtilsTest::testToLocale_2Part;org.apache.commons.lang.LocaleUtilsTest::testToLocale_3Part;org.apache.commons.lang.LocaleUtilsTest::testLocaleLookupList_Locale;org.apache.commons.lang.LocaleUtilsTest::testConstructor"
58,"org.apache.commons.lang.math.NumberUtils;org.apache.commons.lang.StringUtils","org.apache.commons.lang.math.NumberUtilsTest","org.apache.commons.lang.math.NumberUtilsTest::testLang300"
59,"org.apache.commons.lang.text.StrBuilder;org.apache.commons.lang.text.StrTokenizer","org.apache.commons.lang.text.StrBuilderAppendInsertTest","org.apache.commons.lang.text.StrBuilderAppendInsertTest::testLang299"
60,"org.apache.commons.lang.text.StrBuilder;org.apache.commons.lang.text.StrMatcher;org.apache.commons.lang.text.StrTokenizer","org.apache.commons.lang.text.StrBuilderTest","org.apache.commons.lang.text.StrBuilderTest::testLang295"
61,"org.apache.commons.lang.text.StrBuilder;org.apache.commons.lang.text.StrMatcher;org.apache.commons.lang.text.StrTokenizer","org.apache.commons.lang.text.StrBuilderTest","org.apache.commons.lang.text.StrBuilderTest::testIndexOfLang294;org.apache.commons.lang.text.StrBuilderTest::testLang294"
62,"org.apache.commons.lang.Entities;org.apache.commons.lang.IntHashMap","org.apache.commons.lang.EntitiesTest","org.apache.commons.lang.EntitiesTest::testNumberOverflow"
63,"org.apache.commons.lang.StringUtils;org.apache.commons.lang.time.DurationFormatUtils","org.apache.commons.lang.time.DurationFormatUtilsTest","org.apache.commons.lang.time.DurationFormatUtilsTest::testJiraLang281"
64,"org.apache.commons.lang.ClassUtils;org.apache.commons.lang.enums.Enum;org.apache.commons.lang.enums.ValuedEnum;org.apache.commons.lang.NullArgumentException;org.apache.commons.lang.StringUtils","org.apache.commons.lang.enums.ValuedColorEnum;org.apache.commons.lang.enums.ValuedEnumTest;org.apache.commons.lang.enums.ValuedLanguageEnum","org.apache.commons.lang.enums.ValuedEnumTest::testCompareTo_otherEnumType"
65,"org.apache.commons.lang.time.DateUtils","org.apache.commons.lang.time.DateUtilsTest","org.apache.commons.lang.time.DateUtilsTest::testTruncateLang59"
